Name,Object,Project,Database,Schema,Description,Category,Asset class,Role,Unit,Currency,Magnitude,Frequency,Country,Index family,Pull code,Source,Origin,Quality,Stitched,First period,Last period,Rows,Columns,Engines
bd.emlocal.m,series,Instruments,simtech,fmre_feed,"Monthly total return on emerging-market government bonds in local currency (J.P. Morgan GBI-EM), measured in US dollars, so it carries the currency risk. Built from 2 segments, newest first: EMLC (VanEck J.P. Morgan EM Local Currency Bond ETF: emerging-market government debt in local currency) 2010-08 to 2026-08; EMB (iShares J.P. Morgan USD Emerging Markets Bond ETF: emerging-market sovereign and quasi-sovereign debt issued in US dollars, so it carries credit risk but not local currency risk) 2008-01 to 2010-07. Each segment's own exposure applies over its span, and each earlier one was chosen by the smallest mean discrepancy over its overlap.",return,,,return_simple,USD,decimal,M,WLD,JPMorgan,,stitched from EMLC + 1 earlier segment(s),derived:stitch,proxy,Yes,2008-01,2026-08,224,,fmre
bd.globalagg.m,series,Instruments,simtech,fmre_feed,"Monthly total return on investment-grade bonds outside the US, hedged to the US dollar. Built from 2 segments, newest first: BNDX (Vanguard Total International Bond ETF: investment-grade bonds outside the US, hedged to the US dollar, so it measures foreign rates without foreign currency) 2013-07 to 2026-08; AGG (iShares Core U.S. Aggregate Bond ETF: US investment-grade bonds: Treasuries, agency, corporate and mortgage-backed) 2003-10 to 2013-06. Each segment's own exposure applies over its span, and each earlier one was chosen by the smallest mean discrepancy over its overlap.",return,,,return_simple,USD,decimal,M,WLD,Bloomberg,,stitched from BNDX + 1 earlier segment(s),derived:stitch,proxy,Yes,2003-10,2026-08,275,,fmre
bd.highyield.m,series,Instruments,simtech,fmre_feed,"Monthly total return on US sub-investment-grade corporate bonds, in US dollars. No earlier segment was joined: the series is HYG (iShares iBoxx $ High Yield Corporate Bond ETF: US sub-investment-grade corporate credit) alone, 2007-05 to 2026-08.",return,,,return_simple,USD,decimal,M,US,Bloomberg,,stitched from HYG + 0 earlier segment(s),derived:stitch,proxy,Yes,2007-05,2026-08,232,,fmre
bd.ustreasury.m,series,Instruments,simtech,fmre_feed,"Monthly total return on US Treasuries across the curve, one to thirty years, in US dollars. Built from 2 segments, newest first: GOVT (iShares U.S. Treasury Bond ETF: US Treasuries across the whole curve, one to thirty years) 2012-03 to 2026-08; IEF (iShares 7-10 Year Treasury Bond ETF: intermediate US Treasuries) 2002-08 to 2012-02. Each segment's own exposure applies over its span, and each earlier one was chosen by the smallest mean discrepancy over its overlap.",return,,,return_simple,USD,decimal,M,US,Bloomberg,,stitched from GOVT + 1 earlier segment(s),derived:stitch,proxy,Yes,2002-08,2026-08,289,,fmre
cboe.VXTH,series,Instruments,simtech,fmre_feed,"A hypothetical portfolio of the S&P 500 with dividends reinvested plus one-month VIX call options, bought monthly and sized by the level of the VIX. An equity holding with a tail hedge: it gives up a little in calm markets and gains when volatility spikes. Published by Cboe from 2006. Monthly total return from the month-end index level, in US dollars.",return,,,return_simple,USD,decimal,M,US,Cboe,https://cdn.cboe.com/api/global/us_indices/daily_prices/VXTH_History.csv,Cboe,internet:cboe,close,,2006-04,2026-08,245,,fmre
cm.broad.m,series,Instruments,simtech,fmre_feed,"Monthly total return on broad commodity futures (S&P GSCI, production weighted and so energy heavy), in US dollars. Built from 2 segments, newest first: GSG (iShares S&P GSCI Commodity-Indexed Trust: broad commodity futures, production weighted and therefore heavily energy weighted) 2006-08 to 2026-08; DBC (Invesco DB Commodity Index Tracking Fund: broad commodity futures across energy, metals and agriculture) 2006-03 to 2006-07. Each segment's own exposure applies over its span, and each earlier one was chosen by the smallest mean discrepancy over its overlap.",return,,,return_simple,USD,decimal,M,WLD,S&P GSCI,,stitched from GSG + 1 earlier segment(s),derived:stitch,proxy,Yes,2006-03,2026-08,246,,fmre
eq.acwi.m,series,Instruments,simtech,fmre_feed,"Monthly total return on large and mid-cap equity across developed and emerging markets, the MSCI ACWI universe, in US dollars. Built from 2 segments, newest first: ACWI (iShares MSCI ACWI ETF: large and mid-cap equity across 23 developed and 24 emerging markets) 2008-04 to 2026-08; SPY (SPDR S&P 500 ETF Trust: US large-cap equity) 1993-02 to 2008-03. Each segment's own exposure applies over its span, and each earlier one was chosen by the smallest mean discrepancy over its overlap.",return,,,return_simple,USD,decimal,M,WLD,MSCI,,stitched from ACWI + 1 earlier segment(s),derived:stitch,proxy,Yes,1993-02,2026-08,403,,fmre
eq.chinaA.m,series,Instruments,simtech,fmre_feed,"Monthly total return on mainland-listed China A-shares (CSI 300), the domestic market, in US dollars. Built from 3 segments, newest first: ASHR (Xtrackers Harvest CSI 300 China A-Shares ETF: mainland-listed A-shares, the domestic market rather than the offshore one) 2013-12 to 2026-08; GXC (SPDR S&P China ETF: broad Chinese equity across offshore-investable share classes) 2007-04 to 2013-11; FXI (iShares China Large-Cap ETF: the fifty largest Chinese companies listed in Hong Kong) 2004-11 to 2007-03. Each segment's own exposure applies over its span, and each earlier one was chosen by the smallest mean discrepancy over its overlap. Smoothing was applied at the joint to GXC.",return,,,return_simple,USD,decimal,M,CN,CSI,,stitched from ASHR + 2 earlier segment(s),derived:stitch,proxy,Yes,2004-11,2026-08,262,,fmre
eq.china.m,series,Instruments,simtech,fmre_feed,"Monthly total return on Chinese equity in the share classes open to foreign investors, in US dollars. Built from 3 segments, newest first: MCHI (iShares MSCI China ETF: broad China equity across all share classes available to foreigners) 2011-04 to 2026-08; GXC (SPDR S&P China ETF: broad Chinese equity across offshore-investable share classes) 2007-04 to 2011-03; FXI (iShares China Large-Cap ETF: the fifty largest Chinese companies listed in Hong Kong) 2004-11 to 2007-03. Each segment's own exposure applies over its span, and each earlier one was chosen by the smallest mean discrepancy over its overlap.",return,,,return_simple,USD,decimal,M,CN,MSCI,,stitched from MCHI + 2 earlier segment(s),derived:stitch,proxy,Yes,2004-11,2026-08,262,,fmre
eq.europe.m,series,Instruments,simtech,fmre_feed,"Monthly total return on European large-cap equity across developed markets, in US dollars. No earlier segment was joined: the series is IEV (iShares Europe ETF: european large-cap equity across 16 developed markets) alone, 2000-08 to 2026-08.",return,,,return_simple,USD,decimal,M,EU,S&P,,stitched from IEV + 0 earlier segment(s),derived:stitch,proxy,Yes,2000-08,2026-08,313,,fmre
eq.india.m,series,Instruments,simtech,fmre_feed,"Monthly total return on Indian equity, in US dollars. Built from 3 segments, newest first: INDA (iShares MSCI India ETF: indian large and mid-cap equity) 2012-03 to 2026-08; EPI (WisdomTree India Earnings Fund: indian equity weighted by earnings rather than market capitalisation) 2008-03 to 2012-02; IFN (abrdn India Fund: closed-end Indian equity fund) 1994-03 to 2008-02. Each segment's own exposure applies over its span, and each earlier one was chosen by the smallest mean discrepancy over its overlap. Smoothing was applied at the joint to IFN.",return,,,return_simple,USD,decimal,M,IN,MSCI,,stitched from INDA + 2 earlier segment(s),derived:stitch,proxy,Yes,1994-03,2026-08,390,,fmre
eq.world.m,series,Instruments,simtech,fmre_feed,"Monthly total return on developed-market large and mid-cap equity, the MSCI World universe, in US dollars. Built from 3 segments, newest first: URTH (iShares MSCI World ETF: large and mid-cap equity across developed markets only, no emerging) 2012-02 to 2026-08; ACWI (iShares MSCI ACWI ETF: large and mid-cap equity across 23 developed and 24 emerging markets) 2008-04 to 2012-01; SPY (SPDR S&P 500 ETF Trust: US large-cap equity) 1993-02 to 2008-03. Each segment's own exposure applies over its span, and each earlier one was chosen by the smallest mean discrepancy over its overlap.",return,,,return_simple,USD,decimal,M,WLD,MSCI,,stitched from URTH + 2 earlier segment(s),derived:stitch,proxy,Yes,1993-02,2026-08,403,,fmre
fx.EURCHF,series,Instruments,simtech,fmre_feed,"Price of one euro in Swiss francs at the last trading day of the month. With the dollar rate it spans CHF, EUR and USD, so any of the three can be converted into any other.",fx,,,price,CHF,units,M,CH,,EURCHF=X,Yahoo Finance,internet:yahoo,close,,2003-01,2026-08,284,,fmre
fx.USDCHF,series,Instruments,simtech,fmre_feed,"Price of one US dollar in Swiss francs at the last trading day of the month. Used to read USD-quoted proxy returns in CHF or EUR, and CHF returns in USD, at the point of use.",fx,,,price,CHF,units,M,CH,,CHF=X,Yahoo Finance,internet:yahoo,close,,2003-10,2026-08,275,,fmre
long.ag,series,Instruments,simtech,fmre_feed,"Value of US farm business, annual, held from 1910 to 2020 (census, then FRED). The source is sparse before 1910 and those years are dropped, not filled. The agriculture return of block 7.",return,,,index_level,USD,units,A,US,,ag_1870-2020.xlsx:col4,"Steiner (2021), Dynamic Investment",nas:house-research,authoritative,,1910,2020,111,,fmre
long.bill,series,Instruments,simtech,fmre_feed,"Annual return on holding US Treasury bills, 1870 to 2020, as a decimal. Macrohistory, then FRED. The cash return of block 1 and the financial sentiment component.",return,,,return_simple,USD,decimal,A,US,,bill_1870-2020.xlsx:col5,"Steiner (2021), Dynamic Investment",nas:house-research,authoritative,,1870,2020,151,,fmre
long.bond,series,Instruments,simtech,fmre_feed,"US long-term government bond yield, annual 1870 to 2020, as a decimal, from the Macrohistory database. A yield, not a holding return: the holding return is long.bondtr. Block 2.",return,,,rate,none,decimal,A,US,,bond_1870-2020.xlsx:col2,"Steiner (2021), Dynamic Investment",nas:house-research,authoritative,,1870,2020,151,,fmre
long.bondtr,series,Instruments,simtech,fmre_feed,"Annual total return on US government bonds, 1871 to 2015, as a decimal (Macrohistory, then Macrotrends). Ends in 2015. Block 4.",return,,,return_simple,USD,decimal,A,US,,bondtr_1871-2015.xlsx:col2,"Steiner (2021), Dynamic Investment",nas:house-research,authoritative,,1871,2015,145,,fmre
long.broad,series,Instruments,simtech,fmre_feed,"US broad money stock in current US dollars, full units, annual 1870 to 2020. Joined from Macrohistory and FRED. Input to the monetary composition indicator.",macro,,,index_level,USD,units,A,US,,broad_1870-2020.xlsx:col5,"Steiner (2021), Dynamic Investment",nas:house-research,authoritative,,1870,2020,151,,fmre
long.cpi,series,Instruments,simtech,fmre_feed,"US consumer price inflation, annual 1870 to 2020, as a decimal rate rather than a price level. Macrohistory, then FRED. The deflator for real terms.",macro,,,rate,none,decimal,A,US,,cpi_1870-2020.xlsx:col6,"Steiner (2021), Dynamic Investment",nas:house-research,authoritative,,1870,2020,151,,fmre
long.erng,series,Instruments,simtech,fmre_feed,"US wage earnings index, annual 1870 to 2020, joined from census, FRED and an earlier historical earnings index.",macro,,,index_level,USD,units,A,US,,erng_1870-2020.xlsx:col6,"Steiner (2021), Dynamic Investment",nas:house-research,authoritative,,1870,2020,151,,fmre
long.gdp,series,Instruments,simtech,fmre_feed,"US nominal GDP in current US dollars, full units (not billions), annual 1870 to 2020. Joined from the Macrohistory database and FRED. The denominator of debt saturation.",macro,,,index_level,USD,units,A,US,,gdp_1870-2020.xlsx:col6,"Steiner (2021), Dynamic Investment",nas:house-research,authoritative,,1870,2020,151,,fmre
long.gold,series,Instruments,simtech,fmre_feed,"Gold price on the New York market in US dollars per fine ounce, annual 1870 to 2020. Log-differenced into the return of block 6.",price,,,price,USD,units,A,US,,gold_1870-2020.xlsx:col2,"Steiner (2021), Dynamic Investment",nas:house-research,authoritative,,1870,2020,151,,fmre
long.gov_debt,series,Instruments,simtech,fmre_feed,"US federal government debt outstanding in current US dollars, full units, annual 1870 to 2020. Joined from census.gov historical statistics and FRED.",macro,,,index_level,USD,units,A,US,,Gov_debt_1870-2020.xlsx:col6,"Steiner (2021), Dynamic Investment",nas:house-research,authoritative,,1870,2020,151,,fmre
long.house,series,Instruments,simtech,fmre_feed,"US house price index, annual 1890 to 2020, joined from Piketty's series and FRED. Starts in 1890. The real estate return of block 8.",return,,,index_level,USD,units,A,US,,house_1890-2020.xlsx:col5,"Steiner (2021), Dynamic Investment",nas:house-research,authoritative,,1890,2020,131,,fmre
long.loans,series,Instruments,simtech,fmre_feed,"US bank loans outstanding in current US dollars, full units, annual 1870 to 2020. Joined from census historical statistics and FRED.",macro,,,index_level,USD,units,A,US,,loans_1870-2020.xlsx:col6,"Steiner (2021), Dynamic Investment",nas:house-research,authoritative,,1870,2020,151,,fmre
long.lrate,series,Instruments,simtech,fmre_feed,"US 10-year Treasury yield, annual 1870 to 2020, as a decimal. Joined from Macrohistory and FRED. The long leg of the yield curve.",macro,,,rate,none,decimal,A,US,,lrate_1870-2020.xlsx:col6,"Steiner (2021), Dynamic Investment",nas:house-research,authoritative,,1870,2020,151,,fmre
long.narrow,series,Instruments,simtech,fmre_feed,"US narrow money stock in current US dollars, full units, annual 1870 to 2020. Joined from Macrohistory and FRED. Input to the monetary composition indicator.",macro,,,index_level,USD,units,A,US,,narrow_1870-2020.xlsx:col6,"Steiner (2021), Dynamic Investment",nas:house-research,authoritative,,1870,2020,151,,fmre
long.oil,series,Instruments,simtech,fmre_feed,"Crude oil price in US dollars per barrel, annual 1870 to 2020 (EIA, then FRED). Half of the commodity block, with wheat.",price,,,price,USD,units,A,US,,oil_1870-2020.xlsx:col4,"Steiner (2021), Dynamic Investment",nas:house-research,authoritative,,1870,2020,151,,fmre
long.spx,series,Instruments,simtech,fmre_feed,"S&P US stock index level, annual 1870 to 2020 (4.44 in 1870). Log-differenced into the equity return of block 3.",return,,,index_level,USD,units,A,US,,spx_1870-2020.xlsx:col2,"Steiner (2021), Dynamic Investment",nas:house-research,authoritative,,1870,2020,151,,fmre
long.srate,series,Instruments,simtech,fmre_feed,"US 1-year Treasury bill rate, annual 1870 to 2020, as a decimal (0.0572 is 5.72 %). Joined from Macrohistory and FRED. The short leg of the yield curve.",macro,,,rate,none,decimal,A,US,,srate_1870-2020.xlsx:col6,"Steiner (2021), Dynamic Investment",nas:house-research,authoritative,,1870,2020,151,,fmre
long.ump,series,Instruments,simtech,fmre_feed,"US unemployment rate, annual 1870 to 2020, as a decimal (0.0352 is 3.52 %). Joined from Vernon's historical estimates, census and FRED.",macro,,,rate,none,decimal,A,US,,ump_1870-2020.xlsx:col8,"Steiner (2021), Dynamic Investment",nas:house-research,authoritative,,1870,2020,151,,fmre
long.wheat,series,Instruments,simtech,fmre_feed,"US wheat price in US dollars, annual 1870 to 2020 (census, then Macrotrends). Half of the commodity block, with oil.",price,,,price,USD,units,A,US,,wheat_1870-2020.xlsx:col4,"Steiner (2021), Dynamic Investment",nas:house-research,authoritative,,1870,2020,151,,fmre
recovered.bloomberg-market-neutral-hf,series,Instruments,simtech,fmre_feed,"Bloomberg Market Neutral HF, as held in the andersCH portfolio. Recovered as performance contribution divided by weight, so it is the return of the position rather than of an index. Conditional on the manager having held it that month, which makes it selection-biased: it describes the asset when chosen, not the asset in that state.",return,,,return_simple,CHF,decimal,M,WLD,,PERFORMANCE CONTRIBUTION:Bloomberg Market Neutral HF,andersCH monthly report,nas:prototype,weak,,2006-09,2026-07,215,,fmre
recovered.chf-cash,series,Instruments,simtech,fmre_feed,"CHF Cash, as held in the andersCH portfolio. Recovered as performance contribution divided by weight, so it is the return of the position rather than of an index. Conditional on the manager having held it that month, which makes it selection-biased: it describes the asset when chosen, not the asset in that state.",return,,,return_simple,CHF,decimal,M,WLD,,PERFORMANCE CONTRIBUTION:CHF Cash,andersCH monthly report,nas:prototype,weak,,2006-09,2026-07,144,,fmre
recovered.global-equities,series,Instruments,simtech,fmre_feed,"Global Equities, as held in the andersCH portfolio. Recovered as performance contribution divided by weight, so it is the return of the position rather than of an index. Conditional on the manager having held it that month, which makes it selection-biased: it describes the asset when chosen, not the asset in that state.",return,,,return_simple,CHF,decimal,M,WLD,,PERFORMANCE CONTRIBUTION:Global Equities,andersCH monthly report,nas:prototype,weak,,2007-01,2024-03,104,,fmre
recovered.global-governmental-bonds,series,Instruments,simtech,fmre_feed,"Global Governmental Bonds, as held in the andersCH portfolio. Recovered as performance contribution divided by weight, so it is the return of the position rather than of an index. Conditional on the manager having held it that month, which makes it selection-biased: it describes the asset when chosen, not the asset in that state.",return,,,return_simple,CHF,decimal,M,WLD,,PERFORMANCE CONTRIBUTION:Global Governmental Bonds,andersCH monthly report,nas:prototype,weak,,2006-09,2026-07,199,,fmre
recovered.global-high-yields,series,Instruments,simtech,fmre_feed,"Global High Yields, as held in the andersCH portfolio. Recovered as performance contribution divided by weight, so it is the return of the position rather than of an index. Conditional on the manager having held it that month, which makes it selection-biased: it describes the asset when chosen, not the asset in that state.",return,,,return_simple,CHF,decimal,M,WLD,,PERFORMANCE CONTRIBUTION:Global High Yields,andersCH monthly report,nas:prototype,weak,,2007-01,2026-07,171,,fmre
recovered.global-macro,series,Instruments,simtech,fmre_feed,"Global Macro, as held in the andersCH portfolio. Recovered as performance contribution divided by weight, so it is the return of the position rather than of an index. Conditional on the manager having held it that month, which makes it selection-biased: it describes the asset when chosen, not the asset in that state.",return,,,return_simple,CHF,decimal,M,WLD,,PERFORMANCE CONTRIBUTION:Global Macro,andersCH monthly report,nas:prototype,weak,,2007-01,2026-07,145,,fmre
recovered.global-real-estate-indirect,series,Instruments,simtech,fmre_feed,"Global Real Estate indirect, as held in the andersCH portfolio. Recovered as performance contribution divided by weight, so it is the return of the position rather than of an index. Conditional on the manager having held it that month, which makes it selection-biased: it describes the asset when chosen, not the asset in that state.",return,,,return_simple,CHF,decimal,M,WLD,,PERFORMANCE CONTRIBUTION:Global Real Estate indirect,andersCH monthly report,nas:prototype,weak,,2009-05,2025-02,42,,fmre
recovered.long-volatility-index,series,Instruments,simtech,fmre_feed,"Long Volatility Index, as held in the andersCH portfolio. Recovered as performance contribution divided by weight, so it is the return of the position rather than of an index. Conditional on the manager having held it that month, which makes it selection-biased: it describes the asset when chosen, not the asset in that state.",return,,,return_simple,CHF,decimal,M,WLD,,PERFORMANCE CONTRIBUTION:Long Volatility Index,andersCH monthly report,nas:prototype,weak,,2006-11,2023-12,17,,fmre
recovered.precious-metals,series,Instruments,simtech,fmre_feed,"Precious Metals, as held in the andersCH portfolio. Recovered as performance contribution divided by weight, so it is the return of the position rather than of an index. Conditional on the manager having held it that month, which makes it selection-biased: it describes the asset when chosen, not the asset in that state.",return,,,return_simple,CHF,decimal,M,WLD,,PERFORMANCE CONTRIBUTION:Precious Metals,andersCH monthly report,nas:prototype,weak,,2006-09,2026-07,147,,fmre
recovered.private-equity,series,Instruments,simtech,fmre_feed,"Private Equity, as held in the andersCH portfolio. Recovered as performance contribution divided by weight, so it is the return of the position rather than of an index. Conditional on the manager having held it that month, which makes it selection-biased: it describes the asset when chosen, not the asset in that state.",return,,,return_simple,CHF,decimal,M,WLD,,PERFORMANCE CONTRIBUTION:Private Equity,andersCH monthly report,nas:prototype,weak,,2007-01,2021-02,104,,fmre
re.us.m,series,Instruments,simtech,fmre_feed,"Monthly total return on US listed real estate investment trusts, in US dollars. No earlier segment was joined: the series is IYR (iShares U.S. Real Estate ETF: US listed real estate investment trusts) alone, 2000-07 to 2026-08.",return,,,return_simple,USD,decimal,M,US,Dow Jones,,stitched from IYR + 0 earlier segment(s),derived:stitch,proxy,Yes,2000-07,2026-08,314,,fmre
signal.mrs.s01,series,Instruments,simtech,fmre_feed,"Probability the monthly Market Risk Signal places on state 1 of 25, where 1 is the most adverse market environment and 25 the most benign. Each month's 25 values are normalised to sum to one, so this is a distribution across states, not a level.",signal,,,ratio,none,decimal,M,WLD,,MARKET RISK SIGNAL:col1,andersCH monthly report,nas:prototype,proxy,,2006-08,2026-07,240,,fmre
signal.mrs.s02,series,Instruments,simtech,fmre_feed,"Probability the monthly Market Risk Signal places on state 2 of 25, where 1 is the most adverse market environment and 25 the most benign. Each month's 25 values are normalised to sum to one, so this is a distribution across states, not a level.",signal,,,ratio,none,decimal,M,WLD,,MARKET RISK SIGNAL:col2,andersCH monthly report,nas:prototype,proxy,,2006-08,2026-07,240,,fmre
signal.mrs.s03,series,Instruments,simtech,fmre_feed,"Probability the monthly Market Risk Signal places on state 3 of 25, where 1 is the most adverse market environment and 25 the most benign. Each month's 25 values are normalised to sum to one, so this is a distribution across states, not a level.",signal,,,ratio,none,decimal,M,WLD,,MARKET RISK SIGNAL:col3,andersCH monthly report,nas:prototype,proxy,,2006-08,2026-07,240,,fmre
signal.mrs.s04,series,Instruments,simtech,fmre_feed,"Probability the monthly Market Risk Signal places on state 4 of 25, where 1 is the most adverse market environment and 25 the most benign. Each month's 25 values are normalised to sum to one, so this is a distribution across states, not a level.",signal,,,ratio,none,decimal,M,WLD,,MARKET RISK SIGNAL:col4,andersCH monthly report,nas:prototype,proxy,,2006-08,2026-07,240,,fmre
signal.mrs.s05,series,Instruments,simtech,fmre_feed,"Probability the monthly Market Risk Signal places on state 5 of 25, where 1 is the most adverse market environment and 25 the most benign. Each month's 25 values are normalised to sum to one, so this is a distribution across states, not a level.",signal,,,ratio,none,decimal,M,WLD,,MARKET RISK SIGNAL:col5,andersCH monthly report,nas:prototype,proxy,,2006-08,2026-07,240,,fmre
signal.mrs.s06,series,Instruments,simtech,fmre_feed,"Probability the monthly Market Risk Signal places on state 6 of 25, where 1 is the most adverse market environment and 25 the most benign. Each month's 25 values are normalised to sum to one, so this is a distribution across states, not a level.",signal,,,ratio,none,decimal,M,WLD,,MARKET RISK SIGNAL:col6,andersCH monthly report,nas:prototype,proxy,,2006-08,2026-07,240,,fmre
signal.mrs.s07,series,Instruments,simtech,fmre_feed,"Probability the monthly Market Risk Signal places on state 7 of 25, where 1 is the most adverse market environment and 25 the most benign. Each month's 25 values are normalised to sum to one, so this is a distribution across states, not a level.",signal,,,ratio,none,decimal,M,WLD,,MARKET RISK SIGNAL:col7,andersCH monthly report,nas:prototype,proxy,,2006-08,2026-07,240,,fmre
signal.mrs.s08,series,Instruments,simtech,fmre_feed,"Probability the monthly Market Risk Signal places on state 8 of 25, where 1 is the most adverse market environment and 25 the most benign. Each month's 25 values are normalised to sum to one, so this is a distribution across states, not a level.",signal,,,ratio,none,decimal,M,WLD,,MARKET RISK SIGNAL:col8,andersCH monthly report,nas:prototype,proxy,,2006-08,2026-07,240,,fmre
signal.mrs.s09,series,Instruments,simtech,fmre_feed,"Probability the monthly Market Risk Signal places on state 9 of 25, where 1 is the most adverse market environment and 25 the most benign. Each month's 25 values are normalised to sum to one, so this is a distribution across states, not a level.",signal,,,ratio,none,decimal,M,WLD,,MARKET RISK SIGNAL:col9,andersCH monthly report,nas:prototype,proxy,,2006-08,2026-07,240,,fmre
signal.mrs.s10,series,Instruments,simtech,fmre_feed,"Probability the monthly Market Risk Signal places on state 10 of 25, where 1 is the most adverse market environment and 25 the most benign. Each month's 25 values are normalised to sum to one, so this is a distribution across states, not a level.",signal,,,ratio,none,decimal,M,WLD,,MARKET RISK SIGNAL:col10,andersCH monthly report,nas:prototype,proxy,,2006-08,2026-07,240,,fmre
signal.mrs.s11,series,Instruments,simtech,fmre_feed,"Probability the monthly Market Risk Signal places on state 11 of 25, where 1 is the most adverse market environment and 25 the most benign. Each month's 25 values are normalised to sum to one, so this is a distribution across states, not a level.",signal,,,ratio,none,decimal,M,WLD,,MARKET RISK SIGNAL:col11,andersCH monthly report,nas:prototype,proxy,,2006-08,2026-07,240,,fmre
signal.mrs.s12,series,Instruments,simtech,fmre_feed,"Probability the monthly Market Risk Signal places on state 12 of 25, where 1 is the most adverse market environment and 25 the most benign. Each month's 25 values are normalised to sum to one, so this is a distribution across states, not a level.",signal,,,ratio,none,decimal,M,WLD,,MARKET RISK SIGNAL:col12,andersCH monthly report,nas:prototype,proxy,,2006-08,2026-07,240,,fmre
signal.mrs.s13,series,Instruments,simtech,fmre_feed,"Probability the monthly Market Risk Signal places on state 13 of 25, where 1 is the most adverse market environment and 25 the most benign. Each month's 25 values are normalised to sum to one, so this is a distribution across states, not a level.",signal,,,ratio,none,decimal,M,WLD,,MARKET RISK SIGNAL:col13,andersCH monthly report,nas:prototype,proxy,,2006-08,2026-07,240,,fmre
signal.mrs.s14,series,Instruments,simtech,fmre_feed,"Probability the monthly Market Risk Signal places on state 14 of 25, where 1 is the most adverse market environment and 25 the most benign. Each month's 25 values are normalised to sum to one, so this is a distribution across states, not a level.",signal,,,ratio,none,decimal,M,WLD,,MARKET RISK SIGNAL:col14,andersCH monthly report,nas:prototype,proxy,,2006-08,2026-07,240,,fmre
signal.mrs.s15,series,Instruments,simtech,fmre_feed,"Probability the monthly Market Risk Signal places on state 15 of 25, where 1 is the most adverse market environment and 25 the most benign. Each month's 25 values are normalised to sum to one, so this is a distribution across states, not a level.",signal,,,ratio,none,decimal,M,WLD,,MARKET RISK SIGNAL:col15,andersCH monthly report,nas:prototype,proxy,,2006-08,2026-07,240,,fmre
signal.mrs.s16,series,Instruments,simtech,fmre_feed,"Probability the monthly Market Risk Signal places on state 16 of 25, where 1 is the most adverse market environment and 25 the most benign. Each month's 25 values are normalised to sum to one, so this is a distribution across states, not a level.",signal,,,ratio,none,decimal,M,WLD,,MARKET RISK SIGNAL:col16,andersCH monthly report,nas:prototype,proxy,,2006-08,2026-07,240,,fmre
signal.mrs.s17,series,Instruments,simtech,fmre_feed,"Probability the monthly Market Risk Signal places on state 17 of 25, where 1 is the most adverse market environment and 25 the most benign. Each month's 25 values are normalised to sum to one, so this is a distribution across states, not a level.",signal,,,ratio,none,decimal,M,WLD,,MARKET RISK SIGNAL:col17,andersCH monthly report,nas:prototype,proxy,,2006-08,2026-07,240,,fmre
signal.mrs.s18,series,Instruments,simtech,fmre_feed,"Probability the monthly Market Risk Signal places on state 18 of 25, where 1 is the most adverse market environment and 25 the most benign. Each month's 25 values are normalised to sum to one, so this is a distribution across states, not a level.",signal,,,ratio,none,decimal,M,WLD,,MARKET RISK SIGNAL:col18,andersCH monthly report,nas:prototype,proxy,,2006-08,2026-07,240,,fmre
signal.mrs.s19,series,Instruments,simtech,fmre_feed,"Probability the monthly Market Risk Signal places on state 19 of 25, where 1 is the most adverse market environment and 25 the most benign. Each month's 25 values are normalised to sum to one, so this is a distribution across states, not a level.",signal,,,ratio,none,decimal,M,WLD,,MARKET RISK SIGNAL:col19,andersCH monthly report,nas:prototype,proxy,,2006-08,2026-07,240,,fmre
signal.mrs.s20,series,Instruments,simtech,fmre_feed,"Probability the monthly Market Risk Signal places on state 20 of 25, where 1 is the most adverse market environment and 25 the most benign. Each month's 25 values are normalised to sum to one, so this is a distribution across states, not a level.",signal,,,ratio,none,decimal,M,WLD,,MARKET RISK SIGNAL:col20,andersCH monthly report,nas:prototype,proxy,,2006-08,2026-07,240,,fmre
signal.mrs.s21,series,Instruments,simtech,fmre_feed,"Probability the monthly Market Risk Signal places on state 21 of 25, where 1 is the most adverse market environment and 25 the most benign. Each month's 25 values are normalised to sum to one, so this is a distribution across states, not a level.",signal,,,ratio,none,decimal,M,WLD,,MARKET RISK SIGNAL:col21,andersCH monthly report,nas:prototype,proxy,,2006-08,2026-07,240,,fmre
signal.mrs.s22,series,Instruments,simtech,fmre_feed,"Probability the monthly Market Risk Signal places on state 22 of 25, where 1 is the most adverse market environment and 25 the most benign. Each month's 25 values are normalised to sum to one, so this is a distribution across states, not a level.",signal,,,ratio,none,decimal,M,WLD,,MARKET RISK SIGNAL:col22,andersCH monthly report,nas:prototype,proxy,,2006-08,2026-07,240,,fmre
signal.mrs.s23,series,Instruments,simtech,fmre_feed,"Probability the monthly Market Risk Signal places on state 23 of 25, where 1 is the most adverse market environment and 25 the most benign. Each month's 25 values are normalised to sum to one, so this is a distribution across states, not a level.",signal,,,ratio,none,decimal,M,WLD,,MARKET RISK SIGNAL:col23,andersCH monthly report,nas:prototype,proxy,,2006-08,2026-07,240,,fmre
signal.mrs.s24,series,Instruments,simtech,fmre_feed,"Probability the monthly Market Risk Signal places on state 24 of 25, where 1 is the most adverse market environment and 25 the most benign. Each month's 25 values are normalised to sum to one, so this is a distribution across states, not a level.",signal,,,ratio,none,decimal,M,WLD,,MARKET RISK SIGNAL:col24,andersCH monthly report,nas:prototype,proxy,,2006-08,2026-07,240,,fmre
signal.mrs.s25,series,Instruments,simtech,fmre_feed,"Probability the monthly Market Risk Signal places on state 25 of 25, where 1 is the most adverse market environment and 25 the most benign. Each month's 25 values are normalised to sum to one, so this is a distribution across states, not a level.",signal,,,ratio,none,decimal,M,WLD,,MARKET RISK SIGNAL:col25,andersCH monthly report,nas:prototype,proxy,,2006-08,2026-07,240,,fmre
yahoo.AAXJ,series,Instruments,simtech,fmre_feed,"Asian equity, developed and emerging, excluding Japan. Monthly total return from the adjusted close, quoted in US dollars.",return,,,return_simple,USD,decimal,M,WLD,MSCI,AAXJ,Yahoo Finance,internet:yahoo,close,,2008-09,2026-08,216,,fmre
yahoo.ACWI,series,Instruments,simtech,fmre_feed,"Large and mid-cap equity across 23 developed and 24 emerging markets. Monthly total return from the adjusted close, quoted in US dollars.",return,,,return_simple,USD,decimal,M,WLD,MSCI,ACWI,Yahoo Finance,internet:yahoo,close,,2008-04,2026-08,221,,fmre
yahoo.ACWV,series,Instruments,simtech,fmre_feed,"Global equity weighted to minimise total portfolio volatility. A deliberately defensive equity basket rather than a market-cap one. Monthly total return from the adjusted close, quoted in US dollars.",return,,,return_simple,USD,decimal,M,WLD,MSCI,ACWV,Yahoo Finance,internet:yahoo,close,,2011-11,2026-08,178,,fmre
yahoo.AGG,series,Instruments,simtech,fmre_feed,"US investment-grade bonds: Treasuries, agency, corporate and mortgage-backed. Monthly total return from the adjusted close, quoted in US dollars.",return,,,return_simple,USD,decimal,M,US,Bloomberg,AGG,Yahoo Finance,internet:yahoo,close,,2003-10,2026-08,275,,fmre
yahoo.ASEA,series,Instruments,simtech,fmre_feed,"Equity of Singapore, Malaysia, Indonesia, Thailand and the Philippines. Monthly total return from the adjusted close, quoted in US dollars.",return,,,return_simple,USD,decimal,M,WLD,FTSE,ASEA,Yahoo Finance,internet:yahoo,close,,2011-03,2026-08,186,,fmre
yahoo.ASHR,series,Instruments,simtech,fmre_feed,"Mainland-listed A-shares, the domestic market rather than the offshore one. A different exposure from MCHI or FXI. Monthly total return from the adjusted close, quoted in US dollars.",return,,,return_simple,USD,decimal,M,CN,CSI,ASHR,Yahoo Finance,internet:yahoo,close,,2013-12,2026-08,153,,fmre
yahoo.BIL,series,Instruments,simtech,fmre_feed,"US Treasury bills. The cash leg, and the closest thing here to a risk-free rate. Monthly total return from the adjusted close, quoted in US dollars.",return,,,return_simple,USD,decimal,M,US,Bloomberg,BIL,Yahoo Finance,internet:yahoo,close,,2007-06,2026-08,231,,fmre
yahoo.BKLN,series,Instruments,simtech,fmre_feed,"Floating-rate senior secured bank loans. Credit risk with little duration. Monthly total return from the adjusted close, quoted in US dollars.",return,,,return_simple,USD,decimal,M,US,,BKLN,Yahoo Finance,internet:yahoo,close,,2011-04,2026-08,185,,fmre
yahoo.BNDX,series,Instruments,simtech,fmre_feed,"Investment-grade bonds outside the US, hedged to the US dollar, so it measures foreign rates without foreign currency. Monthly total return from the adjusted close, quoted in US dollars.",return,,,return_simple,USD,decimal,M,WLD,Bloomberg,BNDX,Yahoo Finance,internet:yahoo,close,,2013-07,2026-08,158,,fmre
yahoo.BTAL,series,Instruments,simtech,fmre_feed,"Long low-beta and short high-beta US equities. Designed to rise when the equity market falls. Monthly total return from the adjusted close, quoted in US dollars.",return,,,return_simple,USD,decimal,M,US,,BTAL,Yahoo Finance,internet:yahoo,close,,2011-10,2026-08,179,,fmre
yahoo.BTC-USD,series,Instruments,simtech,fmre_feed,"Bitcoin spot price against the US dollar. Not a fund; the asset itself, traded continuously. Monthly total return from the adjusted close, quoted in US dollars.",return,,,return_simple,USD,decimal,M,WLD,,BTC-USD,Yahoo Finance,internet:yahoo,close,,2014-10,2026-08,143,,fmre
yahoo.BWX,series,Instruments,simtech,fmre_feed,"Government bonds outside the US, unhedged, so it carries currency as well as rate risk. Monthly total return from the adjusted close, quoted in US dollars.",return,,,return_simple,USD,decimal,M,WLD,Bloomberg,BWX,Yahoo Finance,internet:yahoo,close,,2007-11,2026-08,226,,fmre
yahoo.DBC,series,Instruments,simtech,fmre_feed,"Broad commodity futures across energy, metals and agriculture. Monthly total return from the adjusted close, quoted in US dollars.",return,,,return_simple,USD,decimal,M,WLD,,DBC,Yahoo Finance,internet:yahoo,close,,2006-03,2026-08,246,,fmre
yahoo.EEM,series,Instruments,simtech,fmre_feed,"Large and mid-cap equity across emerging markets. Monthly total return from the adjusted close, quoted in US dollars.",return,,,return_simple,USD,decimal,M,WLD,MSCI,EEM,Yahoo Finance,internet:yahoo,close,,2003-05,2026-08,280,,fmre
yahoo.EFA,series,Instruments,simtech,fmre_feed,"Developed-market equity outside the US and Canada: Europe, Australasia and the Far East. Monthly total return from the adjusted close, quoted in US dollars.",return,,,return_simple,USD,decimal,M,WLD,MSCI,EFA,Yahoo Finance,internet:yahoo,close,,2001-09,2026-08,300,,fmre
yahoo.EMB,series,Instruments,simtech,fmre_feed,"Emerging-market sovereign and quasi-sovereign debt issued in US dollars, so it carries credit risk but not local currency risk. Monthly total return from the adjusted close, quoted in US dollars.",return,,,return_simple,USD,decimal,M,WLD,JPMorgan,EMB,Yahoo Finance,internet:yahoo,close,,2008-01,2026-08,224,,fmre
yahoo.EMLC,series,Instruments,simtech,fmre_feed,"Emerging-market government debt in local currency. Unlike EMB it carries the currency risk, which is most of its behaviour. Monthly total return from the adjusted close, quoted in US dollars.",return,,,return_simple,USD,decimal,M,WLD,JPMorgan,EMLC,Yahoo Finance,internet:yahoo,close,,2010-08,2026-08,193,,fmre
yahoo.EPI,series,Instruments,simtech,fmre_feed,"Indian equity weighted by earnings rather than market capitalisation. Monthly total return from the adjusted close, quoted in US dollars.",return,,,return_simple,USD,decimal,M,IN,,EPI,Yahoo Finance,internet:yahoo,close,,2008-03,2026-08,222,,fmre
yahoo.EWA,series,Instruments,simtech,fmre_feed,"Australian large and mid-cap equity, resource and bank heavy. Monthly total return from the adjusted close, quoted in US dollars.",return,,,return_simple,USD,decimal,M,AU,MSCI,EWA,Yahoo Finance,internet:yahoo,close,,1996-04,2026-08,365,,fmre
yahoo.EWH,series,Instruments,simtech,fmre_feed,"Hong Kong equity. Property and financials dominated. Monthly total return from the adjusted close, quoted in US dollars.",return,,,return_simple,USD,decimal,M,HK,MSCI,EWH,Yahoo Finance,internet:yahoo,close,,1996-04,2026-08,365,,fmre
yahoo.EWJ,series,Instruments,simtech,fmre_feed,"Japanese large and mid-cap equity. Monthly total return from the adjusted close, quoted in US dollars.",return,,,return_simple,USD,decimal,M,JP,MSCI,EWJ,Yahoo Finance,internet:yahoo,close,,1996-04,2026-08,365,,fmre
yahoo.EWL,series,Instruments,simtech,fmre_feed,"Swiss large and mid-cap equity, heavily concentrated in three names. Monthly total return from the adjusted close, quoted in US dollars.",return,,,return_simple,USD,decimal,M,CH,MSCI,EWL,Yahoo Finance,internet:yahoo,close,,1996-04,2026-08,365,,fmre
yahoo.EWU,series,Instruments,simtech,fmre_feed,"UK large and mid-cap equity. Revenue is largely earned outside the UK, so it tracks sterling and the global cycle more than the domestic economy. Monthly total return from the adjusted close, quoted in US dollars.",return,,,return_simple,USD,decimal,M,GB,MSCI,EWU,Yahoo Finance,internet:yahoo,close,,1996-04,2026-08,365,,fmre
yahoo.EZU,series,Instruments,simtech,fmre_feed,"Equity of the euro-currency members only. Excludes the UK, Switzerland and Scandinavia outside the euro. Monthly total return from the adjusted close, quoted in US dollars.",return,,,return_simple,USD,decimal,M,EU,MSCI,EZU,Yahoo Finance,internet:yahoo,close,,2000-08,2026-08,313,,fmre
yahoo.FXI,series,Instruments,simtech,fmre_feed,"The fifty largest Chinese companies listed in Hong Kong. Narrow and financials heavy. Monthly total return from the adjusted close, quoted in US dollars.",return,,,return_simple,USD,decimal,M,CN,FTSE,FXI,Yahoo Finance,internet:yahoo,close,,2004-11,2026-08,262,,fmre
yahoo.GLD,series,Instruments,simtech,fmre_feed,"Spot gold bullion held in allocated form. Monthly total return from the adjusted close, quoted in US dollars.",return,,,return_simple,USD,decimal,M,WLD,,GLD,Yahoo Finance,internet:yahoo,close,,2004-12,2026-08,261,,fmre
yahoo.GOVT,series,Instruments,simtech,fmre_feed,"US Treasuries across the whole curve, one to thirty years. Monthly total return from the adjusted close, quoted in US dollars.",return,,,return_simple,USD,decimal,M,US,Bloomberg,GOVT,Yahoo Finance,internet:yahoo,close,,2012-03,2026-08,174,,fmre
yahoo.GSG,series,Instruments,simtech,fmre_feed,"Broad commodity futures, production weighted and therefore heavily energy weighted. Monthly total return from the adjusted close, quoted in US dollars.",return,,,return_simple,USD,decimal,M,WLD,S&P GSCI,GSG,Yahoo Finance,internet:yahoo,close,,2006-08,2026-08,241,,fmre
yahoo.GXC,series,Instruments,simtech,fmre_feed,"Broad Chinese equity across offshore-investable share classes. Monthly total return from the adjusted close, quoted in US dollars.",return,,,return_simple,USD,decimal,M,CN,S&P,GXC,Yahoo Finance,internet:yahoo,close,,2007-04,2026-08,233,,fmre
yahoo.HYG,series,Instruments,simtech,fmre_feed,"US sub-investment-grade corporate credit. Monthly total return from the adjusted close, quoted in US dollars.",return,,,return_simple,USD,decimal,M,US,,HYG,Yahoo Finance,internet:yahoo,close,,2007-05,2026-08,232,,fmre
yahoo.IEF,series,Instruments,simtech,fmre_feed,"Intermediate US Treasuries. The classic duration hedge. Monthly total return from the adjusted close, quoted in US dollars.",return,,,return_simple,USD,decimal,M,US,Bloomberg,IEF,Yahoo Finance,internet:yahoo,close,,2002-08,2026-08,289,,fmre
yahoo.IEV,series,Instruments,simtech,fmre_feed,"European large-cap equity across 16 developed markets. Monthly total return from the adjusted close, quoted in US dollars.",return,,,return_simple,USD,decimal,M,EU,S&P,IEV,Yahoo Finance,internet:yahoo,close,,2000-08,2026-08,313,,fmre
yahoo.IFN,series,Instruments,simtech,fmre_feed,"Closed-end Indian equity fund. Its value is the reason it is here: it reaches back to 1994, far earlier than any Indian ETF, so it anchors the long end of the India chain. Being closed-end, it trades at a varying premium or discount to net asset value. Monthly total return from the adjusted close, quoted in US dollars.",return,,,return_simple,USD,decimal,M,IN,,IFN,Yahoo Finance,internet:yahoo,close,,1994-03,2026-08,390,,fmre
yahoo.IGF,series,Instruments,simtech,fmre_feed,"Listed equity of infrastructure operators worldwide: utilities, transport and energy infrastructure. Equity of the asset owners rather than the assets themselves. Monthly total return from the adjusted close, quoted in US dollars.",return,,,return_simple,USD,decimal,M,WLD,S&P,IGF,Yahoo Finance,internet:yahoo,close,,2008-01,2026-08,224,,fmre
yahoo.INDA,series,Instruments,simtech,fmre_feed,"Indian large and mid-cap equity. Monthly total return from the adjusted close, quoted in US dollars.",return,,,return_simple,USD,decimal,M,IN,MSCI,INDA,Yahoo Finance,internet:yahoo,close,,2012-03,2026-08,174,,fmre
yahoo.IYR,series,Instruments,simtech,fmre_feed,"US listed real estate investment trusts. Monthly total return from the adjusted close, quoted in US dollars.",return,,,return_simple,USD,decimal,M,US,Dow Jones,IYR,Yahoo Finance,internet:yahoo,close,,2000-07,2026-08,314,,fmre
yahoo.JNK,series,Instruments,simtech,fmre_feed,"US high-yield corporate credit; a second vintage alongside HYG. Monthly total return from the adjusted close, quoted in US dollars.",return,,,return_simple,USD,decimal,M,US,Bloomberg,JNK,Yahoo Finance,internet:yahoo,close,,2008-01,2026-08,224,,fmre
yahoo.MCHI,series,Instruments,simtech,fmre_feed,"Broad China equity across all share classes available to foreigners. Monthly total return from the adjusted close, quoted in US dollars.",return,,,return_simple,USD,decimal,M,CN,MSCI,MCHI,Yahoo Finance,internet:yahoo,close,,2011-04,2026-08,185,,fmre
yahoo.PSP,series,Instruments,simtech,fmre_feed,"Listed private-equity firms and vehicles. A liquid, listed and therefore imperfect window onto private equity. Monthly total return from the adjusted close, quoted in US dollars.",return,,,return_simple,USD,decimal,M,WLD,,PSP,Yahoo Finance,internet:yahoo,close,,2006-11,2026-08,238,,fmre
yahoo.QAI,series,Instruments,simtech,fmre_feed,"Attempts to replicate broad hedge-fund index returns with liquid instruments. Monthly total return from the adjusted close, quoted in US dollars.",return,,,return_simple,USD,decimal,M,WLD,,QAI,Yahoo Finance,internet:yahoo,close,,2009-04,2026-08,209,,fmre
yahoo.SH,series,Instruments,simtech,fmre_feed,"Inverse daily exposure to the S&P 500. Daily reset means it does not track the inverse over long horizons. Monthly total return from the adjusted close, quoted in US dollars.",return,,,return_simple,USD,decimal,M,US,S&P,SH,Yahoo Finance,internet:yahoo,close,,2006-07,2026-08,242,,fmre
yahoo.SPY,series,Instruments,simtech,fmre_feed,"US large-cap equity. The oldest and most liquid equity ETF. Monthly total return from the adjusted close, quoted in US dollars.",return,,,return_simple,USD,decimal,M,US,S&P,SPY,Yahoo Finance,internet:yahoo,close,,1993-02,2026-08,403,,fmre
yahoo.TLT,series,Instruments,simtech,fmre_feed,"Long US Treasuries. The most rate-sensitive government exposure here. Monthly total return from the adjusted close, quoted in US dollars.",return,,,return_simple,USD,decimal,M,US,Bloomberg,TLT,Yahoo Finance,internet:yahoo,close,,2002-08,2026-08,289,,fmre
yahoo.URTH,series,Instruments,simtech,fmre_feed,"Large and mid-cap equity across developed markets only, no emerging. Monthly total return from the adjusted close, quoted in US dollars.",return,,,return_simple,USD,decimal,M,WLD,MSCI,URTH,Yahoo Finance,internet:yahoo,close,,2012-02,2026-08,175,,fmre
yahoo.VGK,series,Instruments,simtech,fmre_feed,"European equity, all-cap, including the UK and Switzerland. Monthly total return from the adjusted close, quoted in US dollars.",return,,,return_simple,USD,decimal,M,EU,FTSE,VGK,Yahoo Finance,internet:yahoo,close,,2005-04,2026-08,257,,fmre
yahoo.VIXY,series,Instruments,simtech,fmre_feed,"Short-dated VIX futures. Structurally loses value in calm markets and spikes in crises, which is the point of holding it. Monthly total return from the adjusted close, quoted in US dollars.",return,,,return_simple,USD,decimal,M,US,,VIXY,Yahoo Finance,internet:yahoo,close,,2011-02,2026-08,187,,fmre
yahoo.VNQ,series,Instruments,simtech,fmre_feed,"US listed real estate; a second vintage alongside IYR. Monthly total return from the adjusted close, quoted in US dollars.",return,,,return_simple,USD,decimal,M,US,,VNQ,Yahoo Finance,internet:yahoo,close,,2004-10,2026-08,263,,fmre
yahoo.VPL,series,Instruments,simtech,fmre_feed,"Developed Asia-Pacific equity: Japan, Australia, Korea, Hong Kong, Singapore, New Zealand. Monthly total return from the adjusted close, quoted in US dollars.",return,,,return_simple,USD,decimal,M,WLD,FTSE,VPL,Yahoo Finance,internet:yahoo,close,,2005-04,2026-08,257,,fmre
yahoo.VT,series,Instruments,simtech,fmre_feed,"All-cap global equity, developed and emerging, about 9,000 holdings. Monthly total return from the adjusted close, quoted in US dollars.",return,,,return_simple,USD,decimal,M,WLD,FTSE,VT,Yahoo Finance,internet:yahoo,close,,2008-07,2026-08,218,,fmre
yahoo.WTMF,series,Instruments,simtech,fmre_feed,"Rules-based managed futures across commodities, currencies and rates. The trend-following proxy. Monthly total return from the adjusted close, quoted in US dollars.",return,,,return_simple,USD,decimal,M,WLD,,WTMF,Yahoo Finance,internet:yahoo,close,,2011-02,2026-08,187,,fmre
yahoo.XME,series,Instruments,simtech,fmre_feed,"US-listed metals and mining equities. Equity of the producers, not the metal, so it carries equity beta as well as commodity exposure. Monthly total return from the adjusted close, quoted in US dollars.",return,,,return_simple,USD,decimal,M,US,S&P,XME,Yahoo Finance,internet:yahoo,close,,2006-07,2026-08,242,,fmre
INS-aktien-europe-aktiv,instrument,Instruments,simtech,fmre,"Aktien Europe aktiv: Equity, Europe, EUR, gain role. Register index MXEU Index. No return history: the profile is seeded from the role. Imported from the prototype's published universe (54 instruments). Profile coverage seed, the weakest method behind any of its 25 states.",,Equity,gain,return_simple,EUR,decimal,M,,,MXEU Index,MXEU Index,,,,,,,,fmre
INS-apac-equities,instrument,Instruments,simtech,fmre,"APAC Equities: Equity, East Asia, USD, gain role. Register index MXAP Index. Public proxy VPL, graded proxy: FTSE Developed Asia Pacific against MSCI AC Asia Pacific -- no emerging markets. 257 monthly returns, 2005-04 to 2026-08 (yahoo:VPL:proxy). Imported from the prototype's published universe (54 instruments). Profile coverage borrowed, the weakest method behind any of its 25 states.",,Equity,gain,return_simple,USD,decimal,M,,,VPL,MXAP Index,,proxy,,2005-04,2026-08,240,,fmre
INS-asean-equities,instrument,Instruments,simtech,fmre,"ASEAN Equities: Equity, East Asia, USD, gain role. Register index MXSO Index. Public proxy ASEA, graded proxy: FTSE ASEAN 40 against MSCI South-East Asia. 186 monthly returns, 2011-03 to 2026-08 (yahoo:ASEA:proxy). Imported from the prototype's published universe (54 instruments). Profile coverage borrowed, the weakest method behind any of its 25 states.",,Equity,gain,return_simple,USD,decimal,M,,,ASEA,MXSO Index,,proxy,,2011-03,2026-08,185,,fmre
INS-asia-ex-japan-tr,instrument,Instruments,simtech,fmre,"Asia ex Japan TR: Equity, East Asia, USD, gain role. Register index NDUECAXJ Index. Public proxy AAXJ, graded close: iShares MSCI All Country Asia ex Japan. 216 monthly returns, 2008-09 to 2026-08 (yahoo:AAXJ:close). Imported from the prototype's published universe (54 instruments). Profile coverage borrowed, the weakest method behind any of its 25 states.",,Equity,gain,return_simple,USD,decimal,M,,,AAXJ,NDUECAXJ Index,,close,,2008-09,2026-08,215,,fmre
INS-asia-long-short-equities,instrument,Instruments,simtech,fmre,"Asia Long Short Equities: Alternative, East Asia, USD, stabilisation role. Register index EHFI252 Index. No return history: the profile is seeded from the role. Imported from the prototype's published universe (54 instruments). Profile coverage seed, the weakest method behind any of its 25 states.",,Alternative,stabilisation,return_simple,USD,decimal,M,,,EHFI252 Index,EHFI252 Index,,,,,,,,fmre
INS-asia-multi-strategy-hf,instrument,Instruments,simtech,fmre,"Asia Multi Strategy HF: Alternative, East Asia, USD, stabilisation role. Register index EHFI38 Index. No return history: the profile is seeded from the role. Imported from the prototype's published universe (54 instruments). Profile coverage seed, the weakest method behind any of its 25 states.",,Alternative,stabilisation,return_simple,USD,decimal,M,,,EHFI38 Index,EHFI38 Index,,,,,,,,fmre
INS-asian-jaci-bond-index,instrument,Instruments,simtech,fmre,"Asian JACI Bond Index: Fixed Income, East Asia, USD, income role. Register index AJAC SP Equity. No return history: the profile is seeded from the role. Imported from the prototype's published universe (54 instruments). Profile coverage seed, the weakest method behind any of its 25 states.",,Fixed Income,income,return_simple,USD,decimal,M,,,AJAC SP Equity,AJAC SP Equity,,,,,,,,fmre
INS-asia-pacific-arbitrage,instrument,Instruments,simtech,fmre,"Asia Pacific Arbitrage: Alternative, East Asia, USD, stabilisation role. Register index EHFI244 Index. No return history: the profile is seeded from the role. Imported from the prototype's published universe (54 instruments). Profile coverage seed, the weakest method behind any of its 25 states.",,Alternative,stabilisation,return_simple,USD,decimal,M,,,EHFI244 Index,EHFI244 Index,,,,,,,,fmre
INS-au-nz-equities,instrument,Instruments,simtech,fmre,"AU NZ Equities: Equity, South Pacific, AUD, gain role. Register index MXAU Index. Public proxy EWA, graded proxy: MSCI Australia only -- the register's block includes New Zealand. 365 monthly returns, 1996-04 to 2026-08 (yahoo:EWA:proxy). Imported from the prototype's published universe (54 instruments). Profile coverage borrowed, the weakest method behind any of its 25 states.",,Equity,gain,return_simple,AUD,decimal,M,,,EWA,MXAU Index,,proxy,,1996-04,2026-08,240,,fmre
INS-bloomberg-hedge-fund,instrument,Instruments,simtech,fmre,"Bloomberg Hedge Fund: Alternative, Global, USD, stabilisation role. Register index BHEDGE Index. Public proxy QAI, graded proxy: A liquid hedge-fund-replication ETF against a hedge-fund index. Replication, not the funds themselves. 209 monthly returns, 2009-04 to 2026-08 (yahoo:QAI:proxy). Imported from the prototype's published universe (54 instruments). Profile coverage borrowed, the weakest method behind any of its 25 states.",,Alternative,stabilisation,return_simple,USD,decimal,M,,,QAI,BHEDGE Index,,proxy,,2009-04,2026-08,208,,fmre
INS-bloomberg-market-neutral-hf,instrument,Instruments,simtech,fmre,"Bloomberg Market Neutral HF: Alternative, Global, CHF, stabilisation role. Public proxy BTAL, graded weak: Anti-beta long/short against an equity market-neutral index. Same intent, very different construction. 215 monthly returns, 2006-09 to 2026-07 (andersch-report:recovered). Imported from the prototype's published universe (54 instruments). Role 'stabilisation' confirmed: Owner decision, 29 September 2026 (role review after R-001): Stabilisation, which is also its registered role. Its 12 month forward profile (BTAL, source currency) correlates with the role curves under Income A at Stabilisation 0.78, Income 0.63, Gain 0.39, Protection -0.98: nearest to Stabilisation. Under the earlier real-estate-only Income it read nearest to Income (0.88). Returns are recovered from the monthly report as contribution/weight and are conditional on the manager having held the instrument -- not an unconditional index series. Profile coverage borrowed, the weakest method behind any of its 25 states.",,Alternative,stabilisation,return_simple,CHF,decimal,M,,,BTAL,,,weak,,2006-09,2026-07,215,,fmre
INS-bloomberg-multiverse-h-chf,instrument,Instruments,simtech,fmre,"Bloomberg Multiverse (H-CHF): Fixed Income, Global, CHF, protection role. Register index LF93TRCH Index. Public proxy BNDX, graded weak: Global aggregate hedged to USD, not to CHF. The hedge currency is the whole point of the register's entry and it is not reproduced. 158 monthly returns, 2013-07 to 2026-08 (yahoo:BNDX:weak). Imported from the prototype's published universe (54 instruments). Role changed from 'income': A government-heavy aggregate; Protection by the same rule. Profile coverage borrowed, the weakest method behind any of its 25 states.",,Fixed Income,protection,return_simple,CHF,decimal,M,,,BNDX,LF93TRCH Index,,weak,,2013-07,2026-08,157,,fmre
INS-ch-equities,instrument,Instruments,simtech,fmre,"CH Equities: Equity, Switzerland, CHF, gain role. Register index MXCH Index. Public proxy EWL, graded close: iShares MSCI Switzerland. 365 monthly returns, 1996-04 to 2026-08 (yahoo:EWL:close). Imported from the prototype's published universe (54 instruments). Profile coverage borrowed, the weakest method behind any of its 25 states.",,Equity,gain,return_simple,CHF,decimal,M,,,EWL,MXCH Index,,close,,1996-04,2026-08,240,,fmre
INS-chf-cash,instrument,Instruments,simtech,fmre,"CHF Cash: Cash, Global, CHF, protection role. 144 monthly returns, 2006-09 to 2026-07 (andersch-report:recovered). Seeded from the monthly andersCH report. Returns are recovered as contribution/weight and are conditional on the manager having held the instrument -- not an unconditional index series. Profile coverage borrowed, the weakest method behind any of its 25 states.",,Cash,protection,return_simple,CHF,decimal,M,,,,,,,,2006-09,2026-07,144,,fmre
INS-chf-corporate-loans-ig,instrument,Instruments,simtech,fmre,"CHF Corporate Loans IG: Fixed Income, Switzerland, CHF, income role. Register index SPCHICCT Index. No return history: the profile is seeded from the role. Imported from the prototype's published universe (54 instruments). Profile coverage seed, the weakest method behind any of its 25 states.",,Fixed Income,income,return_simple,CHF,decimal,M,,,SPCHICCT Index,SPCHICCT Index,,,,,,,,fmre
INS-china-a-shares,instrument,Instruments,simtech,fmre,"China A Shares: Equity, East Asia, RMB, gain role. Register index SHASHR Index. Public proxy ASHR, graded proxy: CSI 300 against the Shanghai A-share index. 153 monthly returns, 2013-12 to 2026-08 (yahoo:ASHR:proxy). Imported from the prototype's published universe (54 instruments). Profile coverage borrowed, the weakest method behind any of its 25 states.",,Equity,gain,return_simple,RMB,decimal,M,,,ASHR,SHASHR Index,,proxy,,2013-12,2026-08,152,,fmre
INS-china-equities,instrument,Instruments,simtech,fmre,"China Equities: Equity, East Asia, RMB, gain role. Register index MXCN Index. Public proxy MCHI, graded close: iShares MSCI China. 185 monthly returns, 2011-04 to 2026-08 (yahoo:MCHI:close). Imported from the prototype's published universe (54 instruments). Profile coverage borrowed, the weakest method behind any of its 25 states.",,Equity,gain,return_simple,RMB,decimal,M,,,MCHI,MXCN Index,,close,,2011-04,2026-08,184,,fmre
INS-commodities,instrument,Instruments,simtech,fmre,"Commodities: Alternative, Global, USD, stabilisation role. Register index SPGCSI Index. Public proxy GSG, graded close: iShares S&P GSCI, the register's index. 241 monthly returns, 2006-08 to 2026-08 (yahoo:GSG:close). Imported from the prototype's published universe (54 instruments). Role 'stabilisation' confirmed: Section 11.4: commodities peak in contraction -- they pay before the damage, not during it. Profile coverage borrowed, the weakest method behind any of its 25 states.",,Alternative,stabilisation,return_simple,USD,decimal,M,,,GSG,SPGCSI Index,,close,,2006-08,2026-08,240,,fmre
INS-cs-long-vola,instrument,Instruments,simtech,fmre,"CS Long Vola: Alternative, North America, USD, protection role. Register index VXTH Index. Public proxy VIXY, graded weak: Short-term VIX futures against the register's VXTH tail-hedge index, which it shares with Long Volatility Index. Instrument inactive since 29 September 2026 (owner): Long Volatility Index is kept as the one volatility instrument. 187 monthly returns, 2011-02 to 2026-08 (yahoo:VIXY:weak). Imported from the prototype's published universe (54 instruments). Not active. Long Volatility Index is kept as the one volatility instrument (owner, 29.09.2026). The two share the register's VXTH ticker, so keeping both counted the same exposure twice. Profile coverage seed, the weakest method behind any of its 25 states. Not active.",,Alternative,protection,return_simple,USD,decimal,M,,,VIXY,VXTH Index,,weak,,2011-02,2026-08,186,,fmre
INS-digital-assets,instrument,Instruments,simtech,fmre,"Digital Assets: Alternative, Global, USD, gain role. Register index XBTUSD Curncy. Public proxy BTC-USD, graded close: Bitcoin spot, which is the register's XBTUSD. 143 monthly returns, 2014-10 to 2026-08 (yahoo:BTC-USD:close). Imported from the prototype's published universe (54 instruments). Role changed from 'stabilisation': CIO decision, 27 September 2026. Registered as Stabilisation, which the measured behaviour contradicts outright: equity beta 1.67 and -68.9 % in crisis months. A stabiliser pays before the damage; this amplifies it. Profile coverage borrowed, the weakest method behind any of its 25 states.",,Alternative,gain,return_simple,USD,decimal,M,,,BTC-USD,XBTUSD Curncy,,close,,2014-10,2026-08,142,,fmre
INS-em-equities,instrument,Instruments,simtech,fmre,"EM Equities: Equity, Global, USD, gain role. Register index MXEF Index. Public proxy EEM, graded close: iShares MSCI Emerging Markets. 280 monthly returns, 2003-05 to 2026-08 (yahoo:EEM:close). Imported from the prototype's published universe (54 instruments). Profile coverage borrowed, the weakest method behind any of its 25 states.",,Equity,gain,return_simple,USD,decimal,M,,,EEM,MXEF Index,,close,,2003-05,2026-08,240,,fmre
INS-em-government-bonds-lc,instrument,Instruments,simtech,fmre,"EM Government Bonds LC: Fixed Income, Global, USD, income role. Register index GBIEMCOR Index. Public proxy EMLC, graded close: JPMorgan GBI-EM local currency, which is the register's index family. 193 monthly returns, 2010-08 to 2026-08 (yahoo:EMLC:close). Imported from the prototype's published universe (54 instruments). Profile coverage borrowed, the weakest method behind any of its 25 states.",,Fixed Income,income,return_simple,USD,decimal,M,,,EMLC,GBIEMCOR Index,,close,,2010-08,2026-08,192,,fmre
INS-eu-equities,instrument,Instruments,simtech,fmre,"EU Equities: Equity, Europe, EUR, gain role. Register index MXEU Index. Public proxy IEV, graded proxy: S&P Europe 350 against the register's MSCI Europe -- similar universe, different construction and weighting. 313 monthly returns, 2000-08 to 2026-08 (yahoo:IEV:proxy). Imported from the prototype's published universe (54 instruments). Profile coverage borrowed, the weakest method behind any of its 25 states.",,Equity,gain,return_simple,EUR,decimal,M,,,IEV,MXEU Index,,proxy,,2000-08,2026-08,240,,fmre
INS-eur-cash,instrument,Instruments,simtech,fmre,"EUR Cash: Cash, Europe, EUR, protection role. Register index PMMEURP SW Equity. No return history: the profile is seeded from the role. Imported from the prototype's published universe (54 instruments). Profile coverage seed, the weakest method behind any of its 25 states.",,Cash,protection,return_simple,EUR,decimal,M,,,PMMEURP SW Equity,PMMEURP SW Equity,,,,,,,,fmre
INS-eur-corporate-loans-ig,instrument,Instruments,simtech,fmre,"EUR  Corporate Loans IG: Fixed Income, Europe, EUR, income role. Register index LECPTRCH Index. No return history: the profile is seeded from the role. Imported from the prototype's published universe (54 instruments). Profile coverage seed, the weakest method behind any of its 25 states.",,Fixed Income,income,return_simple,EUR,decimal,M,,,LECPTRCH Index,LECPTRCH Index,,,,,,,,fmre
INS-fixed-holding,instrument,Instruments,simtech,fmre,"Fixed Holding: Equity, Europe, EUR, gain role. Register index MXWO0FD Index. Public proxy URTH, graded close: MSCI World. The register's MXWO0FD is a zero-fee share class of the same index. 175 monthly returns, 2012-02 to 2026-08 (yahoo:URTH:close). Imported from the prototype's published universe (54 instruments). Profile coverage borrowed, the weakest method behind any of its 25 states.",,Equity,gain,return_simple,EUR,decimal,M,,,URTH,MXWO0FD Index,,close,,2012-02,2026-08,174,,fmre
INS-fundo-world-equity,instrument,Instruments,simtech,fmre,"Fundo World Equity: Equity, Global, USD, gain role. Register index MXWO Index. Public proxy ACWV, graded proxy: iShares MSCI Global Minimum Volatility. Re-pointed by CIO decision: the intent is a conservative global equity basket, where the register had it duplicating Global Equities on MXWO. 178 monthly returns, 2011-11 to 2026-08 (yahoo:ACWV:proxy). Imported from the prototype's published universe (54 instruments). Profile coverage borrowed, the weakest method behind any of its 25 states.",,Equity,gain,return_simple,USD,decimal,M,,,ACWV,MXWO Index,,proxy,,2011-11,2026-08,177,,fmre
INS-global-bonds,instrument,Instruments,simtech,fmre,"Global Bonds: Fixed Income, Americas, USD, stabilisation role. Register index BGAUTRCH Index. Public proxy BNDX, graded proxy: Global aggregate ex-US, currency-hedged to USD, against an unhedged global aggregate. 158 monthly returns, 2013-07 to 2026-08 (yahoo:BNDX:proxy). Imported from the prototype's published universe (54 instruments). Role changed from 'income': Owner decision, 29 September 2026 (role review after R-001). Its 12 month forward profile (BNDX, source currency, as registered in Income) correlates with the role curves under Income A at Stabilisation 0.75, Income 0.68, Gain 0.52, Protection -0.56: nearest to Stabilisation once Income carries equity. Only stagnation and expansion are measured (the other three phases are filled from the role shape), so the reading is thin. Profile coverage borrowed, the weakest method behind any of its 25 states.",,Fixed Income,stabilisation,return_simple,USD,decimal,M,,,BNDX,BGAUTRCH Index,,proxy,,2013-07,2026-08,157,,fmre
INS-global-equities,instrument,Instruments,simtech,fmre,"Global Equities: Equity, Global, CHF, gain role. Public proxy URTH, graded close: MSCI World. 104 monthly returns, 2007-01 to 2024-03 (andersch-report:recovered). Seeded from the monthly andersCH report. Returns are recovered as contribution/weight and are conditional on the manager having held the instrument -- not an unconditional index series. Profile coverage borrowed, the weakest method behind any of its 25 states.",,Equity,gain,return_simple,CHF,decimal,M,,,URTH,,,close,,2007-01,2024-03,104,,fmre
INS-global-governmental-bonds,instrument,Instruments,simtech,fmre,"Global Governmental Bonds: Fixed Income, Global, CHF, protection role. Public proxy BWX, graded proxy: International treasury ex-US against a world government index that includes the US. 199 monthly returns, 2006-09 to 2026-07 (andersch-report:recovered). Imported from the prototype's published universe (54 instruments). Role changed from 'income': Section 11.4: government bonds are Protection, not Income -- the coupon is not what defines the block, the flight-to-safety jump is. Returns are recovered from the monthly report as contribution/weight and are conditional on the manager having held the instrument -- not an unconditional index series. Profile coverage borrowed, the weakest method behind any of its 25 states.",,Fixed Income,protection,return_simple,CHF,decimal,M,,,BWX,,,proxy,,2006-09,2026-07,199,,fmre
INS-global-high-yields,instrument,Instruments,simtech,fmre,"Global High Yields: Fixed Income, Global, CHF, income role. Public proxy HYG, graded proxy: US high yield against a global high-yield index -- no European or EM issuers. 171 monthly returns, 2007-01 to 2026-07 (andersch-report:recovered). Seeded from the monthly andersCH report. Returns are recovered as contribution/weight and are conditional on the manager having held the instrument -- not an unconditional index series. Profile coverage borrowed, the weakest method behind any of its 25 states.",,Fixed Income,income,return_simple,CHF,decimal,M,,,HYG,,,proxy,,2007-01,2026-07,171,,fmre
INS-global-macro,instrument,Instruments,simtech,fmre,"Global Macro: Alternative, Global, CHF, stabilisation role. 145 monthly returns, 2007-01 to 2026-07 (andersch-report:recovered). Seeded from the monthly andersCH report. Returns are recovered as contribution/weight and are conditional on the manager having held the instrument -- not an unconditional index series. Profile coverage borrowed, the weakest method behind any of its 25 states.",,Alternative,stabilisation,return_simple,CHF,decimal,M,,,,,,,,2007-01,2026-07,145,,fmre
INS-global-real-estate-indirect,instrument,Instruments,simtech,fmre,"Global Real Estate indirect: Real Estate, Global, CHF, income role. Public proxy IYR, graded close: iShares US Real Estate, which is the register's own ticker. 42 monthly returns, 2009-05 to 2025-02 (andersch-report:recovered). Imported from the prototype's published universe (54 instruments). Role changed from 'stabilisation': Section 11.4: real estate is Income on the let share, and emphatically not Stabilisation -- it collapses in precisely the state a stabiliser exists for. Returns are recovered from the monthly report as contribution/weight and are conditional on the manager having held the instrument -- not an unconditional index series. Profile coverage seed, the weakest method behind any of its 25 states.",,Real Estate,income,return_simple,CHF,decimal,M,,,IYR,,,close,,2009-05,2025-02,42,,fmre
INS-hang-seng-index,instrument,Instruments,simtech,fmre,"Hang Seng Index: Equity, East Asia, HKD, gain role. Register index MXHK Index. Public proxy EWH, graded proxy: MSCI Hong Kong against the Hang Seng. Related, differently constituted. 365 monthly returns, 1996-04 to 2026-08 (yahoo:EWH:proxy). Imported from the prototype's published universe (54 instruments). Profile coverage borrowed, the weakest method behind any of its 25 states.",,Equity,gain,return_simple,HKD,decimal,M,,,EWH,MXHK Index,,proxy,,1996-04,2026-08,240,,fmre
INS-india-equities,instrument,Instruments,simtech,fmre,"India Equities: Equity, South Asia, INR, gain role. Register index MXIN Index. Public proxy INDA, graded close: iShares MSCI India. 174 monthly returns, 2012-03 to 2026-08 (yahoo:INDA:close). Imported from the prototype's published universe (54 instruments). Profile coverage borrowed, the weakest method behind any of its 25 states.",,Equity,gain,return_simple,INR,decimal,M,,,INDA,MXIN Index,,close,,2012-03,2026-08,173,,fmre
INS-infrastructure,instrument,Instruments,simtech,fmre,"Infrastructure: Alternative, Global, CHF, income role. Register index SPGTIND Index. Public proxy IGF, graded close: iShares Global Infrastructure, which tracks the S&P Global Infrastructure index. Graded close now that the register's ticker is corrected: SWIIT was the SXI Real Estate Funds index, so the entry had been pointing at Swiss listed property. 224 monthly returns, 2008-01 to 2026-08 (yahoo:IGF:proxy). Imported from the prototype's published universe (54 instruments). Profile coverage borrowed, the weakest method behind any of its 25 states.",,Alternative,income,return_simple,CHF,decimal,M,,,IGF,SPGTIND Index,,close,,2008-01,2026-08,223,,fmre
INS-japan-equities,instrument,Instruments,simtech,fmre,"Japan Equities: Equity, East Asia, JPY, gain role. Register index MXJP Index. Public proxy EWJ, graded close: iShares MSCI Japan. 365 monthly returns, 1996-04 to 2026-08 (yahoo:EWJ:close). Imported from the prototype's published universe (54 instruments). Profile coverage borrowed, the weakest method behind any of its 25 states.",,Equity,gain,return_simple,JPY,decimal,M,,,EWJ,MXJP Index,,close,,1996-04,2026-08,240,,fmre
INS-long-volatility-index,instrument,Instruments,simtech,fmre,"Long Volatility Index: Alternative, Global, CHF, protection role. Public proxy VXTH, graded close: The Cboe VIX Tail Hedge index itself, the register's own index, from Cboe's public daily history (31 March 2006 onwards, month-end close). It is a total return: the S&P 500 with dividends reinvested plus a rolling position in one-month VIX calls. Replaced VIXY (graded weak) on 29 September 2026: VIXY is pure short-term VIX futures roll, loses to roll in every state and starts only in 2011. An index is not investable and carries no fee, so a fund on it would trail it slightly. 17 monthly returns, 2006-11 to 2023-12 (andersch-report:recovered). Seeded from the monthly andersCH report. Returns are recovered as contribution/weight and are conditional on the manager having held the instrument -- not an unconditional index series. Profile coverage seed, the weakest method behind any of its 25 states.",,Alternative,protection,return_simple,CHF,decimal,M,,,VXTH,,,close,,2006-11,2023-12,17,,fmre
INS-mining-equities,instrument,Instruments,simtech,fmre,"Mining Equities: Equity, Global, USD, gain role. Register index MXWO Index. Public proxy XME, graded proxy: SPDR S&P Metals and Mining. Re-pointed by CIO decision from the register's MXWO, which was MSCI World and not a mining index at all. XME over PICK for length -- it reaches back to 2006 rather than 2012, covering the financial crisis. 242 monthly returns, 2006-07 to 2026-08 (yahoo:XME:proxy). Imported from the prototype's published universe (54 instruments). Profile coverage borrowed, the weakest method behind any of its 25 states.",,Equity,gain,return_simple,USD,decimal,M,,,XME,MXWO Index,,proxy,,2006-07,2026-08,240,,fmre
INS-msci-ac-world-imi,instrument,Instruments,simtech,fmre,"MSCI AC World IMI: Equity, Global, USD, gain role. Register index MIMUAWON Index. Public proxy ACWI, graded proxy: MSCI ACWI (large and mid cap) against ACWI IMI, which adds small cap. 221 monthly returns, 2008-04 to 2026-08 (yahoo:ACWI:proxy). Imported from the prototype's published universe (54 instruments). Profile coverage borrowed, the weakest method behind any of its 25 states.",,Equity,gain,return_simple,USD,decimal,M,,,ACWI,MIMUAWON Index,,proxy,,2008-04,2026-08,220,,fmre
INS-precious-metals,instrument,Instruments,simtech,fmre,"Precious Metals: Alternative, Global, CHF, protection role. Public proxy GLD, graded close: Gold spot via SPDR Gold Shares. 147 monthly returns, 2006-09 to 2026-07 (andersch-report:recovered). Seeded from the monthly andersCH report. Returns are recovered as contribution/weight and are conditional on the manager having held the instrument -- not an unconditional index series. Profile coverage seed, the weakest method behind any of its 25 states.",,Alternative,protection,return_simple,CHF,decimal,M,,,GLD,,,close,,2006-09,2026-07,147,,fmre
INS-private-debt,instrument,Instruments,simtech,fmre,"Private Debt: Fixed Income, Europe, EUR, income role. Register index SPLGAL Index. Public proxy BKLN, graded weak: Senior leveraged loans against private debt. Both float, but leveraged loans are traded and marked; private debt is neither. 185 monthly returns, 2011-04 to 2026-08 (yahoo:BKLN:weak). Imported from the prototype's published universe (54 instruments). Profile coverage borrowed, the weakest method behind any of its 25 states.",,Fixed Income,income,return_simple,EUR,decimal,M,,,BKLN,SPLGAL Index,,weak,,2011-04,2026-08,184,,fmre
INS-private-equity,instrument,Instruments,simtech,fmre,"Private Equity: Equity, Global, CHF, gain role. Public proxy PSP, graded proxy: Listed private equity against the LPX50 total-return index. Listed vehicles are marked daily; the index is not, so measured volatility is higher here. 104 monthly returns, 2007-01 to 2021-02 (andersch-report:recovered). Seeded from the monthly andersCH report. Returns are recovered as contribution/weight and are conditional on the manager having held the instrument -- not an unconditional index series. Profile coverage borrowed, the weakest method behind any of its 25 states.",,Equity,gain,return_simple,CHF,decimal,M,,,PSP,,,proxy,,2007-01,2021-02,104,,fmre
INS-real-estate-direct,instrument,Instruments,simtech,fmre,"Real Estate direct: Real Estate, Switzerland, CHF, income role. Register index WUPIIMM Index. No return history: the profile is seeded from the role. Imported from the prototype's published universe (54 instruments). Role changed from 'stabilisation': Same reasoning as Global Real Estate indirect. Profile coverage seed, the weakest method behind any of its 25 states.",,Real Estate,income,return_simple,CHF,decimal,M,,,WUPIIMM Index,WUPIIMM Index,,,,,,,,fmre
INS-short-msci-us,instrument,Instruments,simtech,fmre,"Short MSCI US: Alternative, North America, USD, protection role. Register index M004US6$ Index. Public proxy SH, graded proxy: Short S&P 500 against short MSCI USA. Daily-reset inverse, so it compounds differently from a true short over long holding periods. 242 monthly returns, 2006-07 to 2026-08 (yahoo:SH:proxy). Imported from the prototype's published universe (54 instruments). Not active. A short index is not a hold-through-crisis instrument (owner, 29.09.2026). It pays while the market falls and loses in the rebound year that follows. Profile coverage seed, the weakest method behind any of its 25 states. Not active.",,Alternative,protection,return_simple,USD,decimal,M,,,SH,M004US6$ Index,,proxy,,2006-07,2026-08,240,,fmre
INS-structured-products,instrument,Instruments,simtech,fmre,"Structured Products: Equity, North America, USD, income role. Register index BHSTCR Index. No return history: the profile is seeded from the role. Imported from the prototype's published universe (54 instruments). Profile coverage seed, the weakest method behind any of its 25 states.",,Equity,income,return_simple,USD,decimal,M,,,BHSTCR Index,BHSTCR Index,,,,,,,,fmre
INS-swiss-dividend-equity,instrument,Instruments,simtech,fmre,"Swiss Dividend Equity: Equity, Switzerland, CHF, gain role. Register index CHDVD SE Equity. No return history: the profile is seeded from the role. Imported from the prototype's published universe (54 instruments). Profile coverage seed, the weakest method behind any of its 25 states.",,Equity,gain,return_simple,CHF,decimal,M,,,CHDVD SE Equity,CHDVD SE Equity,,,,,,,,fmre
INS-swiss-performance-index,instrument,Instruments,simtech,fmre,"Swiss Performance Index: Equity, Switzerland, CHF, gain role. Register index SPI Index. Public proxy EWL, graded weak: MSCI Switzerland against the SPI. Kept, unlike the other two EWL entries, because the difference is breadth rather than strategy: the SPI covers about 200 Swiss names against MSCI Switzerland's large and mid caps, and the two track each other closely. It is the same series as CH Equities, so expect near-identical profiles -- that is the honest answer, not a defect. 365 monthly returns, 1996-04 to 2026-08 (yahoo:EWL:weak). Imported from the prototype's published universe (54 instruments). Profile coverage borrowed, the weakest method behind any of its 25 states.",,Equity,gain,return_simple,CHF,decimal,M,,,EWL,SPI Index,,weak,,1996-04,2026-08,240,,fmre
INS-sxi-real-estate,instrument,Instruments,simtech,fmre,"SXI Real Estate: Real Estate, Switzerland, CHF, income role. Register index SWIIT Index. No return history: the profile is seeded from the role. Imported from the prototype's published universe (54 instruments). Role 'income' confirmed: Same reasoning as Global Real Estate indirect. Profile coverage seed, the weakest method behind any of its 25 states.",,Real Estate,income,return_simple,CHF,decimal,M,,,SWIIT Index,SWIIT Index,,,,,,,,fmre
INS-trend-following,instrument,Instruments,simtech,fmre,"Trend Following: Alternative, Europe, CHF, stabilisation role. Register index TRANDTP US Equity. Public proxy WTMF, graded proxy: Managed futures. Trend programmes differ widely; this is one implementation. 187 monthly returns, 2011-02 to 2026-08 (yahoo:WTMF:proxy). Imported from the prototype's published universe (54 instruments). Profile coverage seed, the weakest method behind any of its 25 states.",,Alternative,stabilisation,return_simple,CHF,decimal,M,,,WTMF,TRANDTP US Equity,,proxy,,2011-02,2026-08,186,,fmre
INS-uk-equities,instrument,Instruments,simtech,fmre,"UK Equities: Equity, Europe, GBP, gain role. Register index MXGB Index. Public proxy EWU, graded close: iShares MSCI United Kingdom. 365 monthly returns, 1996-04 to 2026-08 (yahoo:EWU:close). Imported from the prototype's published universe (54 instruments). Profile coverage borrowed, the weakest method behind any of its 25 states.",,Equity,gain,return_simple,GBP,decimal,M,,,EWU,MXGB Index,,close,,1996-04,2026-08,240,,fmre
INS-usd-cash,instrument,Instruments,simtech,fmre,"USD Cash: Cash, North America, USD, protection role. Register index BXIIBUS0 Index. Public proxy BIL, graded close: 1-3 month US Treasury bills. 231 monthly returns, 2007-06 to 2026-08 (yahoo:BIL:close). Imported from the prototype's published universe (54 instruments). Profile coverage borrowed, the weakest method behind any of its 25 states.",,Cash,protection,return_simple,USD,decimal,M,,,BIL,BXIIBUS0 Index,,close,,2007-06,2026-08,230,,fmre
INS-us-equities,instrument,Instruments,simtech,fmre,"US Equities: Equity, North America, USD, gain role. Register index MXUS Index. Public proxy SPY, graded proxy: S&P 500 against MSCI USA. Large-cap overlap is high; MSCI USA reaches further down the cap scale. 403 monthly returns, 1993-02 to 2026-08 (yahoo:SPY:proxy). Imported from the prototype's published universe (54 instruments). Profile coverage borrowed, the weakest method behind any of its 25 states.",,Equity,gain,return_simple,USD,decimal,M,,,SPY,MXUS Index,,proxy,,1993-02,2026-08,240,,fmre
INS-us-treasury-tr-index,instrument,Instruments,simtech,fmre,"US Treasury TR Index: Fixed Income, North America, USD, protection role. Register index LUATTRUU Index. Public proxy GOVT, graded close: iShares US Treasury Bond, the whole curve. 174 monthly returns, 2012-03 to 2026-08 (yahoo:GOVT:close). Imported from the prototype's published universe (54 instruments). Role changed from 'income': Same reasoning as Global Governmental Bonds. Profile coverage borrowed, the weakest method behind any of its 25 states.",,Fixed Income,protection,return_simple,USD,decimal,M,,,GOVT,LUATTRUU Index,,close,,2012-03,2026-08,173,,fmre
fmre.calibration,table,Instruments,simtech,fmre,"One row per calibration run: its identifier, when it ran, and the source checksums that make it reproducible.",,,,,,,,,,,,,,,,,2,9,fmre
fmre.calibration_block,table,Instruments,simtech,fmre,"The 25-state return profile for each of the eight asset blocks, with the method label on every state.",,,,,,,,,,,,,,,,,16,11,fmre
fmre.calibration_role,table,Instruments,simtech,fmre,"The four role profiles -- gain, income, stabilisation, protection -- averaged at phase level and interpolated across the state axis.",,,,,,,,,,,,,,,,,8,10,fmre
fmre.environment_indicator,table,Instruments,simtech,fmre,"The eight standardised, de-trended indicators the cycle is built from, per year.",,,,,,,,,,,,,,,,,1200,4,fmre
fmre.instrument,table,Instruments,simtech,fmre,The instrument register. Expandable by data change rather than code change.,,,,,,,,,,,,,,,,,54,18,fmre
fmre.instrument_profile,table,Instruments,simtech,fmre,"The estimated 25-state profile per instrument per calibration, carrying the method behind each value and the coverage grade of the weakest one.",,,,,,,,,,,,,,,,,108,12,fmre
fmre.instrument_return,table,Instruments,simtech,fmre,"Monthly returns per instrument, the evidence every estimated profile is built from.",,,,,,,,,,,,,,,,,8993,5,fmre
fmre.long_series,table,Instruments,simtech,fmre,"The long annual record behind Steiner (2021): nineteen series, 1870 onwards.",,,,,,,,,,,,,,,,,2803,4,fmre
fmre.market_environment,table,Instruments,simtech,fmre,"The composite economic cycle value per year, and the phase it was classified into.",,,,,,,,,,,,,,,,,150,4,fmre
fmre.market_risk_month,table,Instruments,simtech,fmre,"Each month's summary reading of that distribution, so consumers need not re-reduce the distribution themselves.",,,,,,,,,,,,,,,,,240,5,fmre
fmre.market_risk_signal,table,Instruments,simtech,fmre,"The monthly Market Risk Signal as a 25-state distribution. Read by reference, never recomputed here.",,,,,,,,,,,,,,,,,6000,3,fmre
fmre.run_manifest,table,Instruments,simtech,fmre,What each run produced. No figure leaves an engine without one.,,,,,,,,,,,,,,,,,1166,10,fmre
fmre.source_file,table,Instruments,simtech,fmre,"Provenance for the files this engine loads directly, pending its migration to reading the feed.",,,,,,,,,,,,,,,,,21,6,fmre
fmre.state_map,table,Instruments,simtech,fmre,The quantile bridge mapping the monthly signal onto the annual calibration axis.,,,,,,,,,,,,,,,,,50,6,fmre
fmre.state_map_meta,table,Instruments,simtech,fmre,The quantiles and bounds that define that bridge.,,,,,,,,,,,,,,,,,2,7,fmre
fmre_feed.observation,table,Instruments,simtech,fmre_feed,"Every value the feed holds, each flagged observed, carried or stitched. A panel is assembled from here and never invents a cell.",,,,,,,,,,,,,,,,,27146,5,fmre
fmre_feed.reference_source,table,Instruments,simtech,fmre_feed,"The Notion Data Sources catalogue mirrored into SQL, each entry tagged with whether an engine actually reads it and which -- a bibliography and a dependency list look identical until something breaks.",,,,,,,,,,,,,,,,,64,11,fmre
fmre_feed.series_definition,table,Instruments,simtech,fmre_feed,"The registry. One row per series with the metadata that makes its numbers safe to combine: unit, currency, magnitude, period, country, and how far it can be trusted.",,,,,,,,,,,,,,,,,120,22,fmre
fmre_feed.series_segment,table,Instruments,simtech,fmre_feed,"The joints of a stitched series: which source covered which span, the overlap, the mean discrepancy that won it, and whether smoothing fired above the 2% threshold.",,,,,,,,,,,,,,,,,25,10,fmre
fmre_feed.snapshot,table,Instruments,simtech,fmre_feed,"An immutable, checksummed manifest of the whole feed at a point in time. The reference every downstream golden test pins itself to.",,,,,,,,,,,,,,,,,3,6,fmre
fmre_feed.snapshot_series,table,Instruments,simtech,fmre_feed,Per-series coverage and checksum inside one snapshot.,,,,,,,,,,,,,,,,,351,6,fmre
fmre_feed.source_file,table,Instruments,simtech,fmre_feed,"Provenance for every file loaded into the feed: SHA-256, byte size, the absolute path the bytes were read from, and whether that path was the NAS or the internet.",,,,,,,,,,,,,,,,,20,7,fmre
commodity.gold,series,Macro,simtech,datafeed,"Gold price per ounce, London PM fix, US dollars, month end of a daily series. Daily Bloomberg series whose definition differs by economy: ""Gold/10g Mumbai (INR)"" (BD, IN); ""Gold/g London (EUR)"" (DE, EU); ""Gold oz/BRL"" (BR); ""Gold oz/CHF"" (CH); ""Gold/g Shanghai (CNY)"" (CN); ""Gold g/EUR"" (ES); ""Gold/oz London (GBP)"" (GB); ""Gold/oz London (IDR)"" (ID); ""Gold/oz London (JPY)"" (JP); ""Gold/oz London (MYR)"" (MY); ""Gold/oz London (PHP)"" (PH); ""Gold/oz London (THB)"" (TH); ""Gold/oz London (USD)"" (US); ""Gold/oz London (VND)"" (VN). Same ticker for more than one economy: BD and IN share MCXGOLD Comdty; DE and ES and EU share GLDLNEUR Index. Currency differs by economy: BDT (BD); BRL (BR); CHF (CH); CNY (CN); EUR (DE, ES, EU); GBP (GB); IDR (ID); INR (IN); JPY (JP); MYR (MY); PHP (PH); THB (TH); USD (US); VND (VN). Imported from the Commodity sheet of the MATLAB ticker workbooks, column 1.",commodity,,,level,,,D,,,BD: MCXGOLD Comdty; BR: XAUBRL BGN Curncy; CH: XAUCHF BGN Curncy; CN: SHGFAUTD Index; DE: GLDLNEUR Index; ES: GLDLNEUR Index; EU: GLDLNEUR Index; GB: GOLDBPPM Index; ID: XAUIDR BGN Curncy; IN: MCXGOLD Comdty; JP: XAUJPY Curncy; MY: XAUMYR BGN Curncy; PH: XAUPHP BGN Curncy; TH: XAUTHB BGN Curncy; US: GOLDLNPM Index; VN: XAUVND BGN Curncy,bloomberg,,,,,,3856,,datafeed
consumer.corruption_freedom,series,Macro,simtech,datafeed,"Freedom-from-corruption score of the index of economic freedom (0 to 100, higher means less corruption), annual. The euro area reuses Germany's score. Annual Bloomberg series whose definition differs by economy: ""Corruption freedom"" (BD, BR, CH, CN, DE, ES, GB, ID, IN, JP, MY, PH, TH, US, VN); ""Corruption freedom DE"" (EU). Same ticker for more than one economy: DE and EU share EFCODE Index. Feeds the HoNI index corruption_freedom. Imported from the Consumer sheet of the MATLAB ticker workbooks, column 1.",consumer,,,index,none,,A,,,BD: EFCOBD Index; BR: EFCOBR Index; CH: EFCOCH Index; CN: EFCOCN Index; DE: EFCODE Index; ES: EFCOES Index; EU: EFCODE Index; GB: EFCOGB Index; ID: EFCOID Index; IN: EFCOIN Index; JP: EFCOJP Index; MY: EFCOMY Index; PH: EFCOPH Index; TH: EFCOTH Index; US: EFCOUS Index; VN: EFCOVN Index,bloomberg,,,,,,3856,,datafeed
consumer.gdp_per_capita,series,Macro,simtech,datafeed,"GDP per head at current prices in national currency (IMF), annual; Switzerland is the World Bank PPP measure. Annual Bloomberg series whose definition differs by economy: ""GDP per cap. IMF current"" (BD, BR, CH, CN, DE, ES, GB, ID, IN, JP, MY, PH, TH, US, VN); ""GDP per cap. PPP WB"" (EU). Currency differs by economy: BDT (BD); BRL (BR); CHF (CH); CNY (CN); EUR (DE, ES); GBP (GB); IDR (ID); INR (IN); JPY (JP); MYR (MY); PHP (PH); THB (TH); USD (EU, US); VND (VN). Feeds the HoNI index gdp_per_capita_growth. Imported from the Consumer sheet of the MATLAB ticker workbooks, column 2.",consumer,,,level,,,A,,,BD: IPCNBGD Index; BR: IPCNBRA Index; CH: IPPGCHE Index; CN: IPCNCHN Index; DE: IPCNDEU Index; ES: IPCNESP Index; EU: GDCCPEUU Index; GB: IPCNGBR Index; ID: IPCNIDN Index; IN: IPCNIND Index; JP: IPCNJPN Index; MY: IPCNMYS Index; PH: IPCNPHL Index; TH: IPCNTHA Index; US: IPPCUSA Index; VN: IPCNVNM Index,bloomberg,,,,,,3856,,datafeed
consumer.household_consumption,series,Macro,simtech,datafeed,"Household final consumption expenditure at current prices in national currency, quarterly. For BR, DE, EU, GB, IN and TH it is the World Bank share of GDP times GDP (DF-16). Quarterly Bloomberg series whose definition differs by economy: ""HH final consumption"" (BD, BR, CH, CN, EU, GB, ID, IN, MY, PH, TH, VN); ""HH consumption expenditures"" (DE, ES, JP, US). Currency differs by economy: BDT (BD); BRL (BR); CHF (CH); CNY (CN); EUR (DE, ES, EU); GBP (GB); IDR (ID); INR (IN); JPY (JP); MYR (MY); PHP (PH); THB (TH); USD (US); VND (VN). The scale factor applied on import differs by economy (x0.001, x0.01, x1). Feeds the HoNI index consumption_dependency. Imported from the Consumer sheet of the MATLAB ticker workbooks, column 7.",consumer,,,level,,,Q,,,BD: 5139B24 Index; BR: BZGDFML$ Index; CH: SZGNHHC Index; CN: CNEXHOUS Index; DE: EUZHDE Index; ES: ENHHESN Index; EU: ENHHEAS Index; GB: EUZHUK Index; ID: IDCGRH Index; IN: IGQNPFC Index; JP: JGDOSCH Index; MY: 5489B24 Index; PH: 5669B24 Index; TH: 5789B24 Index; US: PRCEDPHC Index; VN: 5829B24 Index,bloomberg,,,,,,3768,,datafeed
consumer.labour_force_participation,series,Macro,simtech,datafeed,"Labour force participation rate, share of the working-age population, annual. Labour force participation (annual), Bloomberg, for 16 economies. Feeds the HoNI index labour_force. Imported from the Consumer sheet of the MATLAB ticker workbooks, column 8.",consumer,,,ratio,none,,A,,,BD: WBSOBGDR Index; BR: BRLFPRTR Index; CH: WBSOCHER Index; CN: WBSOCHNR Index; DE: WBSODEUR Index; ES: SPUNACTR Index; EU: WBSOEMUR Index; GB: UKLFMGWG Index; ID: IDEMLAB% Index; IN: WBSOINDR Index; JP: JNUNPRT Index; MY: WBSOMYSR Index; PH: PHLFPRTE Index; TH: WBSOTHAR Index; US: WBSOUSAR Index; VN: WBSOVNMR Index,bloomberg,,,,,,3845,,datafeed
consumer.population,series,Macro,simtech,datafeed,"Total resident population, number of persons, annual. Population (annual), Bloomberg, for 16 economies. The scale factor applied on import differs by economy (x1e-09, x1e-06, x0.001). Feeds the HoNI index population_growth. Imported from the Consumer sheet of the MATLAB ticker workbooks, column 3.",consumer,,,level,USD,,A,,,BD: WPOPBDT Index; BR: WBPOPBRA Index; CH: EUPOCH Index; CN: CHPOP Index; DE: EUPODE Index; ES: EUPOES Index; EU: EUPOEU Index; GB: WBPOPGBR Index; ID: IDPQTOTL Index; IN: WBPOPIND Index; JP: WBPOPJPN Index; MY: WBPOPMYS Index; PH: WBPOPPHL Index; TH: WBPOPTHA Index; US: WBPOPUSA Index; VN: WPOPVIET Index,bloomberg,,,,,,3856,,datafeed
consumer.unemployment,series,Macro,simtech,datafeed,"Unemployment rate, monthly, as a decimal. Monthly Bloomberg series whose definition differs by economy: ""Unemployment"" (BR, CH, CN, DE, ES, GB, ID, IN, JP, MY, PH, TH, US, VN); ""Unemployment."" (EU). No data for BD: the ticker is a placeholder. Imported from the Consumer sheet of the MATLAB ticker workbooks, column 4.",consumer,,,ratio,none,,M,,,BD: USD BGN Curncy; BR: EHUPBR Index; CH: SZUEUEA Index; CN: CNUESRU Index; DE: UMRTDE Index; ES: UMRTES Index; EU: UMRT27 Index; GB: UKUEILOR Index; ID: IDEMUNE% Index; IN: IDURTOTM Index; JP: JNUNRT Index; MY: MAEPMUN% Index; PH: EHUPPH Index; TH: EHUPTH Index; US: EHUPUS Index; VN: EHUPVNY Index,bloomberg,,,,,,3253,,datafeed
consumer.wage_growth,series,Macro,simtech,datafeed,"Wages, monthly. The definition differs by economy: wage growth for most, nominal wages (national accounts or median) for some, remittances for Bangladesh. No data for Vietnam. Monthly Bloomberg series whose definition differs by economy: ""Wage growth"" (CN, DE, ES, GB, IN, JP, MY, TH, US); ""Wages nominal (GDP)"" (CH, EU); ""Wages remittance"" (BD); ""Wage nominal (GDP)"" (BR); ""Wages nominal (median)"" (ID); ""Wages nominal"" (PH). No data for VN: the ticker is a placeholder. The scale factor applied on import differs by economy (x0.001, x0.01, x1). Feeds the HoNI index consumption_power. Imported from the Consumer sheet of the MATLAB ticker workbooks, column 5.",consumer,,,ratio,none,,M,,,BD: BNWETOTL Index; BR: BZGDWGSL Index; CH: ENWGCHS Index; CN: CHTNTOTL Index; DE: GRHIWAYY Index; ES: SPLCSYY Index; EU: EUCEEA Index; GB: UKAWMWHO Index; ID: IDWGFDN Index; IN: INBGRIWG Index; JP: JNLSUCTL Index; MY: MAMNSYOY Index; PH: PHDWNNAN Index; TH: THWGTLY Index; US: WGTROVER Index; VN: USD BGN Curncy,bloomberg,,,,,,3425,,datafeed
debt.corporate_gdp,series,Macro,simtech,datafeed,"Debt of non-financial corporations as a share of GDP, quarterly. No data for the Philippines and Vietnam. Corp Debt%GDP (quarterly), Bloomberg, for 14 economies. No data for PH, VN: the ticker is a placeholder. Imported from the Debt sheet of the MATLAB ticker workbooks, column 1.",debt,,,ratio,none,,Q,,,BD: GDDI513D Index; BR: GDDI223D Index; CH: GDDI146D Index; CN: GDDI924D Index; DE: GDDI134N Index; ES: GDDI184N Index; EU: GDDI134D Index; GB: GDDI112D Index; ID: GDDI536D Index; IN: GDDI534D Index; JP: GDDI158N Index; MY: GDDI548D Index; PH: USD BGN Curncy; TH: GDDI578D Index; US: GDDI111D Index; VN: USD BGN Curncy,bloomberg,,,,,,3352,,datafeed
debt.external,series,Macro,simtech,datafeed,"External (foreign) debt outstanding in national currency, quarterly. Quarterly Bloomberg series whose definition differs by economy: ""Debt external"" (CH, CN, DE, ES, EU, GB, ID, IN, JP, MY, PH, TH, US, VN); ""External debt"" (BD, BR). Currency differs by economy: BDT (BD); BRL (BR); CHF (CH); CNY (CN); EUR (DE, ES, EU); GBP (GB); IDR (ID); INR (IN); JPY (JP); MYR (MY); PHP (PH); THB (TH); USD (US); VND (VN). The scale factor applied on import differs by economy (x0.001, x0.01, x1). Feeds the HoNI indices external_debt_affordability, external_debt_exposure. Imported from the Debt sheet of the MATLAB ticker workbooks, column 2.",debt,,,level,,,Q,,,BD: HELDBDGD Index; BR: BZEDTLEX Index; CH: WDTLSWIT Index; CN: CNXLTOTC Index; DE: WDTLGERM Index; ES: WDBTSPAI Index; EU: WDTLEURO Index; GB: HELDGBGD Index; ID: IDEDTOTL Index; IN: INDEBT Index; JP: JNEDGED Index; MY: MAEDTOTL Index; PH: PHEDTOTL Index; TH: WDTLTHAI Index; US: WDTLUS Index; VN: VEDETOTL Index,bloomberg,,,,,,3534,,datafeed
debt.financial_sector,series,Macro,simtech,datafeed,"Debt securities issued by the financial sector (BIS), level in national currency, quarterly. Quarterly Bloomberg series whose definition differs by economy: ""BIS fin Debt"" (BR, CH, CN, DE, ES, GB, ID, IN, JP, MY, PH, TH, US, VN); ""Financial Debt (International)"" (BD); ""Financial Debt"" (EU). Currency differs by economy: BDT (BD); BRL (BR); CHF (CH); CNY (CN); EUR (DE, ES, EU); GBP (GB); IDR (ID); INR (IN); JPY (JP); MYR (MY); PHP (PH); THB (TH); USD (US); VND (VN). Imported from the Debt sheet of the MATLAB ticker workbooks, column 5.",debt,,,level,,,Q,,,BD: 9AACICBD Index; BR: BDBTABBR Index; CH: BDBTABCH Index; CN: BDBT1BCN Index; DE: BDBT1BDE Index; ES: BDBT1BES Index; EU: WDTLEURO Index; GB: BDBT1BGB Index; ID: BDBTABID Index; IN: BDBTCBIN Index; JP: BDBTCBJP Index; MY: BDBT1BMY Index; PH: BDBTCBPH Index; TH: BDBT1BTH Index; US: BDBT1BUS Index; VN: BDBTC1VN Index,bloomberg,,,,,,3854,,datafeed
debt.government_gdp,series,Macro,simtech,datafeed,"General government debt as a share of GDP, annual. Gov debt %GDP (annual), Bloomberg, for 16 economies. Feeds the HoNI index government_debt. Imported from the Debt sheet of the MATLAB ticker workbooks, column 3.",debt,,,ratio,none,,A,,,BD: GDDI513C Index; BR: IGS%BRA Index; CH: IGS%CHE Index; CN: CHBGDGOP Index; DE: GRFIDEBT Index; ES: SGGDAPDP Index; EU: EUDBEURO Index; GB: IGS%GBR Index; ID: IGS%IDN Index; IN: IGS%IND Index; JP: GDDI158G Index; MY: IGS%MYS Index; PH: IGS%PHL Index; TH: IGS%THA Index; US: IGS%USA Index; VN: IGS%VNM Index,bloomberg,,,,,,3856,,datafeed
debt.household_gdp,series,Macro,simtech,datafeed,"Household debt as a share of GDP, quarterly; for two economies corporate and household debt combined. Quarterly Bloomberg series whose definition differs by economy: ""HH Debt%GDP"" (BD, BR, CH, CN, DE, ES, EU, GB, ID, IN, JP, MY, TH, US); ""Corp + HH Debt%GDP"" (PH, VN). Imported from the Debt sheet of the MATLAB ticker workbooks, column 4.",debt,,,ratio,none,,Q,,,BD: GDDI513S Index; BR: GDDI223S Index; CH: GDDI146S Index; CN: GDDI924S Index; DE: GDDI134H Index; ES: GDDI184H Index; EU: GDDI134S Index; GB: GDDI112S Index; ID: GDDI536S Index; IN: GDDI534S Index; JP: GDDI158H Index; MY: GDDI548S Index; PH: GDDI566L Index; TH: GDDI578S Index; US: GDDI111S Index; VN: GDDI582L Index,bloomberg,,,,,,3834,,datafeed
debt.npl_ratio,series,Macro,simtech,datafeed,"Non-performing loans as a share of total bank loans, quarterly. Quarterly Bloomberg series whose definition differs by economy: ""Non Perf Loans"" (BD, BR, CN, DE, ES, EU, GB, ID, JP, MY, PH, TH, US, VN); ""Non Perf Loans YoY"" (IN). No data for CH: the ticker is a placeholder. Imported from the Debt sheet of the MATLAB ticker workbooks, column 7.",debt,,,ratio,none,,Q,,,BD: BLTLWBGD Index; BR: BRCDCD90 Index; CH: USD BGN Curncy; CN: CNNPTT% Index; DE: BDBBNPLL Index; ES: ENPLSPN Index; EU: EBA&GTAD Index; GB: BNPLNPGB Index; ID: IDBRNPLG Index; IN: INLCSNPY Index; JP: JNPLARAT Index; MY: BNPLNPMY Index; PH: PHNRGNPR Index; TH: BNPLNPTH Index; US: USDELBSA Index; VN: FSIINTVN Index,bloomberg,,,,,,3120,,datafeed
debt.senior_loan_etf,series,Macro,simtech,datafeed,"Price of a senior (leveraged) loan fund or index, such as BKLN in the US, month end of a daily series. Many economies have none. Daily Bloomberg series whose definition differs by economy: ""Markit iBoxx Asia ex-Japan Senior Debt TR Index"" (CN, IN); ""Senior Loan ETF"" (DE, US); ""Brazil FI fund (Senior debt)"" (BR); ""Senior Loans"" (CH); ""Markit iBoxx EUR Banks Senior Preferred TR Index"" (EU). No data for BD, ES, GB, ID, JP, MY, PH, TH, VN: the ticker is a placeholder. Same ticker for more than one economy: CN and IN share IBXXAX89 Index. Currency differs by economy: CHF (CH); EUR (DE, EU); USD (BR, CN, IN, US). Imported from the Debt sheet of the MATLAB ticker workbooks, column 6.",debt,,,level,,,D,,,BD: USD BGN Curncy; BR: BRAFIXR LX Equity; CH: SLSSLII LX Equity; CN: IBXXAX89 Index; DE: SSYA GR Equity; ES: USD BGN Curncy; EU: IBXXEBS8 Index; GB: USD BGN Curncy; ID: USD BGN Curncy; IN: IBXXAX89 Index; JP: USD BGN Curncy; MY: USD BGN Curncy; PH: USD BGN Curncy; TH: USD BGN Curncy; US: BKLN US Equity; VN: USD BGN Curncy,bloomberg,,,,,,1181,,datafeed
equity.banks_total_return,series,Macro,simtech,datafeed,"Bank equity index, total return level, month end of a daily series. Daily Bloomberg series whose definition differs by economy: ""Bank equity TR"" (CN, DE, ES, EU, GB, ID, IN, US); ""Finance index"" (BR, CH). No data for BD, JP, MY, PH, TH, VN: the ticker is a placeholder. The scale factor applied on import differs by economy (x0.01, x1). Imported from the Equity sheet of the MATLAB ticker workbooks, column 10.",equity,,,index,none,,D,,,BD: USD BGN Curncy; BR: MXBR0FN Index; CH: MXCH0FN Index; CN: XA81 Index; DE: GFDDREDE Index; ES: GFDDREES Index; EU: SX7E Index; GB: FABANK Index; ID: M1ID0BK Index; IN: NSEBANK Index; JP: USD BGN Curncy; MY: USD BGN Curncy; PH: USD BGN Curncy; TH: USD BGN Curncy; US: DJUSBK Index; VN: USD BGN Curncy,bloomberg,,,,,,2291,,datafeed
equity.capital_stock_decrease,series,Macro,simtech,datafeed,"Decrease in capital stock (share buybacks) of the equity index constituents, quarterly. Decrease in capital stocks (quarterly), Bloomberg, for 16 economies. Currency differs by economy: BDT (BD); BRL (BR); CHF (CH); CNY (CN); EUR (DE, ES, EU); GBP (GB); IDR (ID); INR (IN); JPY (JP); MYR (MY); PHP (PH); THB (TH); USD (US); VND (VN). Imported from the Equity sheet of the MATLAB ticker workbooks, column 3.",equity,,,level,,,Q,,,BD: MXBD Index; BR: MXBR Index; CH: MXCH Index; CN: MXCN Index; DE: MXDE Index; ES: MXES Index; EU: MXEU Index; GB: MXGB Index; ID: MXID Index; IN: MXIN Index; JP: MXJP Index; MY: MXMY Index; PH: MXPH Index; TH: MXTH Index; US: MXUS Index; VN: MXVI Index,bloomberg,,,,,,3613,,datafeed
equity.debt_to_assets,series,Macro,simtech,datafeed,"Total debt to total assets of the national equity index constituents, quarterly. Quarterly Bloomberg series whose definition differs by economy: ""Total Debt to Total Assets"" (BD, CN, DE, ES, GB, ID, JP, MY, PH, TH, US, VN); ""Total Debt to Total"" (BR, CH, EU, IN). The scale factor applied on import differs by economy (x0.01, x1). Imported from the Equity sheet of the MATLAB ticker workbooks, column 8.",equity,,,ratio,none,,Q,,,BD: MXBD Index; BR: MXBR Index; CH: MXCH Index; CN: MXCN Index; DE: MXDE Index; ES: MXES Index; EU: MXEU Index; GB: MXGB Index; ID: MXID Index; IN: MXIN Index; JP: MXJP Index; MY: MXMY Index; PH: MXPH Index; TH: MXTH Index; US: MXUS Index; VN: MXVI Index,bloomberg,,,,,,3754,,datafeed
equity.dividend_yield,series,Macro,simtech,datafeed,"Net dividend yield of the national equity index, month end of a daily series. Dividend Yield (daily), Bloomberg, for 16 economies. Imported from the Equity sheet of the MATLAB ticker workbooks, column 4.",equity,,,ratio,none,,D,,,BD: MXBD Index; BR: MXBR Index; CH: MXCH Index; CN: MXCN Index; DE: MXDE Index; ES: MXES Index; EU: MXEU Index; GB: MXGB Index; ID: MXID Index; IN: MXIN Index; JP: MXJP Index; MY: MXMY Index; PH: MXPH Index; TH: MXTH Index; US: MXUS Index; VN: MXVI Index,bloomberg,,,,,,3774,,datafeed
equity.market_cap_gdp,series,Macro,simtech,datafeed,"Stock market capitalisation as a share of GDP, annual. Market Cap %GDP (annual), Bloomberg, for 16 economies. Feeds the HoNI index market_cap. Imported from the Equity sheet of the MATLAB ticker workbooks, column 2.",equity,,,ratio,none,,A,,,BD: WBMRBGD Index; BR: MCGDBRAZ Index; CH: MCGDSWIT Index; CN: MCGDCHIN Index; DE: MCGDGERM Index; ES: MCGDSPAI Index; EU: WBMREMU Index; GB: MCGDUK Index; ID: MCGDINDO Index; IN: MCGDINDI Index; JP: MCGDJAPA Index; MY: MCGDMALA Index; PH: MCGDPHIL Index; TH: MCGDTHAI Index; US: MCGDUS Index; VN: MCGDVIET Index,bloomberg,,,,,,3833,,datafeed
equity.pe_long_term,series,Macro,simtech,datafeed,"Long-term price/earnings ratio of the national equity index, month end of a daily series. Daily Bloomberg series whose definition differs by economy: ""LT Price Earnings"" (BR, CH, CN, DE, ES, EU, GB, IN, JP, MY, PH, TH, US); ""Price Earnings"" (BD, ID, VN). Imported from the Equity sheet of the MATLAB ticker workbooks, column 5.",equity,,,ratio,none,,D,,,BD: MXBD Index; BR: MXBR Index; CH: MXCH Index; CN: MXCN Index; DE: MXDE Index; ES: MXES Index; EU: MXEU Index; GB: MXGB Index; ID: MXID Index; IN: MXIN Index; JP: MXJP Index; MY: MXMY Index; PH: MXPH Index; TH: MXTH Index; US: MXUS Index; VN: MXVI Index,bloomberg,,,,,,3130,,datafeed
equity.price_to_sales,series,Macro,simtech,datafeed,"Price-to-sales ratio of the national equity index, month end of a daily series. Daily Bloomberg series whose definition differs by economy: ""Price to sales"" (BD, CH, DE, ES, ID, JP, MY, PH, TH, US, VN); ""Price Sales"" (BR, CN, EU, GB, IN). Imported from the Equity sheet of the MATLAB ticker workbooks, column 6.",equity,,,ratio,none,,D,,,BD: MXBD Index; BR: MXBR Index; CH: MXCH Index; CN: MXCN Index; DE: MXDE Index; ES: MXES Index; EU: MXEU Index; GB: MXGB Index; ID: MXID Index; IN: MXIN Index; JP: MXJP Index; MY: MXMY Index; PH: MXPH Index; TH: MXTH Index; US: MXUS Index; VN: MXVI Index,bloomberg,,,,,,3751,,datafeed
equity.profit_margin,series,Macro,simtech,datafeed,"Profit margin of the national equity index constituents, quarterly. Profit Margin (quarterly), Bloomberg, for 16 economies. Imported from the Equity sheet of the MATLAB ticker workbooks, column 7.",equity,,,ratio,none,,Q,,,BD: MXBD Index; BR: MXBR Index; CH: MXCH Index; CN: MXCN Index; DE: MXDE Index; ES: MXES Index; EU: MXEU Index; GB: MXGB Index; ID: MXID Index; IN: MXIN Index; JP: MXJP Index; MY: MXMY Index; PH: MXPH Index; TH: MXTH Index; US: MXUS Index; VN: MXVI Index,bloomberg,,,,,,3750,,datafeed
equity.total_return,series,Macro,simtech,datafeed,"National equity index, total return level, month end of a daily series. Equity TR (daily), Bloomberg, for 16 economies. Imported from the Equity sheet of the MATLAB ticker workbooks, column 9.",equity,,,index,none,,D,,,BD: MXBD Index; BR: MXBR Index; CH: MXCH Index; CN: MXCN Index; DE: MXDE Index; ES: MXES Index; EU: MXEU Index; GB: MXGB Index; ID: MXID Index; IN: MXIN Index; JP: MXJP Index; MY: MXMY Index; PH: MXPH Index; TH: MXTH Index; US: MXUS Index; VN: MXVI Index,bloomberg,,,,,,3800,,datafeed
fx.beer,series,Macro,simtech,datafeed,"JP Morgan effective exchange rate (JBDN tickers), monthly. Holds no data for any economy; the market layer's fx.neer_broad replaces it. JP Morgan BEER (monthly), Bloomberg, for 15 economies. No data for BD: the ticker is a placeholder. Same ticker for more than one economy: DE and ES and EU share JBDNEUR Index. Imported from the FX sheet of the MATLAB ticker workbooks, column 6.",fx,,,index,none,,M,,,BD: USD BGN Curncy; BR: JBDNBRL Index; CH: JBDNCHF Index; CN: JBDNCNY Index; DE: JBDNEUR Index; ES: JBDNEUR Index; EU: JBDNEUR Index; GB: JBDNGBP Index; ID: JBDNIDR Index; IN: JBDNINR Index; JP: JBDNJPY Index; MY: JBDNMYR Index; PH: JBDNPHP Index; TH: JBDNTHB Index; US: JBDNUSD Index; VN: JBDNVND Index,bloomberg,,,,,,,,datafeed
fx.dxy,series,Macro,simtech,datafeed,"US dollar index against a basket of major currencies (DXY), month end of a daily series. USD/world Index (daily), Bloomberg, for 16 economies. Same ticker for more than one economy: BD and BR and CH and CN and DE and ES and EU and GB and ID and IN and JP and MY and PH and TH and US and VN share DXY Curncy. Imported from the FX sheet of the MATLAB ticker workbooks, column 9.",fx,,,index,none,,D,,,BD: DXY Curncy; BR: DXY Curncy; CH: DXY Curncy; CN: DXY Curncy; DE: DXY Curncy; ES: DXY Curncy; EU: DXY Curncy; GB: DXY Curncy; ID: DXY Curncy; IN: DXY Curncy; JP: DXY Curncy; MY: DXY Curncy; PH: DXY Curncy; TH: DXY Curncy; US: DXY Curncy; VN: DXY Curncy,bloomberg,,,,,,3856,,datafeed
fx.neer_broad,series,Macro,simtech,datafeed,"BIS nominal effective exchange rate, broad basket, monthly average; not for Bangladesh or Vietnam (market layer). BIS nominal effective exchange rate, broad basket (64 economies), monthly average, 2020 = 100. Replaces the JP Morgan broad effective rate (JBDN... Index, FX column 6), which holds no data in M_TS. The BIS does not cover BD and VN (candidate: Bruegel NEER, 120 partners). (monthly), Bloomberg, for 14 economies.",fx,,,index,none,,M,,,BR: M.N.B.BR; CH: M.N.B.CH; CN: M.N.B.CN; DE: M.N.B.DE; ES: M.N.B.ES; EU: M.N.B.XM; GB: M.N.B.GB; ID: M.N.B.ID; IN: M.N.B.IN; JP: M.N.B.JP; MY: M.N.B.MY; PH: M.N.B.PH; TH: M.N.B.TH; US: M.N.B.US,bis,,,,,,3374,,datafeed
fx.ois_1y,series,Macro,simtech,datafeed,"1-year overnight index swap rate, month end of a daily series, as a decimal. OISwap (daily), Bloomberg, for 16 economies. Same ticker for more than one economy: BD and BR and CH and CN and DE and ES and EU and GB and ID and IN and JP and MY and PH and TH and US and VN share USOSFR1 BGN Curncy. Imported from the FX sheet of the MATLAB ticker workbooks, column 8.",fx,,,ratio,none,,D,,,BD: USOSFR1 BGN Curncy; BR: USOSFR1 BGN Curncy; CH: USOSFR1 BGN Curncy; CN: USOSFR1 BGN Curncy; DE: USOSFR1 BGN Curncy; ES: USOSFR1 BGN Curncy; EU: USOSFR1 BGN Curncy; GB: USOSFR1 BGN Curncy; ID: USOSFR1 BGN Curncy; IN: USOSFR1 BGN Curncy; JP: USOSFR1 BGN Curncy; MY: USOSFR1 BGN Curncy; PH: USOSFR1 BGN Curncy; TH: USOSFR1 BGN Curncy; US: USOSFR1 BGN Curncy; VN: USOSFR1 BGN Curncy,bloomberg,,,,,,3664,,datafeed
fx.reserves,series,Macro,simtech,datafeed,"Foreign exchange (international) reserves, level, monthly. Monthly Bloomberg series whose definition differs by economy: ""IMF FX reserves"" (BD, BR, CH, CN, GB, ID, IN, JP, MY, PH, TH, VN); ""International reserves"" (DE, ES, US); ""International reserves NET"" (EU). Currency differs by economy: EUR (EU); USD (BD, BR, CH, CN, DE, ES, GB, ID, IN, JP, MY, PH, TH, US, VN). The scale factor applied on import differs by economy (x0.001, x1). Feeds the HoNI index import_reserves. Imported from the FX sheet of the MATLAB ticker workbooks, column 3.",fx,,,level,,,M,,,BD: 513.055 Index; BR: 223.055 Index; CH: 146.055 Index; CN: 924.055 Index; DE: 134.055 Index; ES: 184.056 Index; EU: EUCURS Index; GB: 112.055 Index; ID: 536.055 Index; IN: 534.055 Index; JP: 158.055 Index; MY: 548.055 Index; PH: 566.055 Index; TH: 578.055 Index; US: REASTOTL Index; VN: 582.055 Index,bloomberg,,,,,,3856,,datafeed
fx.terms_of_trade,series,Macro,simtech,datafeed,"Citi terms-of-trade index for commodities: export against import commodity prices, monthly. No data for Bangladesh. Citi Terms of Trade Commodities (monthly), Bloomberg, for 15 economies. No data for BD: the ticker is a placeholder. Same ticker for more than one economy: DE and ES and EU share CTOTEUR Index. Feeds the HoNI index terms_of_trade. Imported from the FX sheet of the MATLAB ticker workbooks, column 2.",fx,,,index,none,,M,,,BD: USD BGN Curncy; BR: CTOTBRL Index; CH: CTOTCHF Index; CN: CTOTCNY Index; DE: CTOTEUR Index; ES: CTOTEUR Index; EU: CTOTEUR Index; GB: CTOTGBP Index; ID: CTOTIDR Index; IN: CTOTINR Index; JP: CTOTJPY Index; MY: CTOTMYR Index; PH: CTOTPHP Index; TH: CTOTTHB Index; US: CTOTUSD Index; VN: CTOTVND Index,bloomberg,,,,,,3615,,datafeed
fx.trade_balance,series,Macro,simtech,datafeed,"Trade balance (exports minus imports of goods), level, monthly. Trade Balance (monthly), Bloomberg, for 16 economies. Currency differs by economy: BDT (BD); BRL (BR); CHF (CH); CNY (CN); EUR (DE, ES, EU); GBP (GB); IDR (ID); INR (IN); JPY (JP); MYR (MY); PHP (PH); THB (TH); USD (US); VND (VN). The scale factor applied on import differs by economy (x0.001, x0.01, x1). Feeds the HoNI index external_debt_affordability. Imported from the FX sheet of the MATLAB ticker workbooks, column 1.",fx,,,level,,,M,,,BD: BDTRBOTR Index; BR: ECOYBBRN Index; CH: ECOYBCHN Index; CN: ECOYBCNN Index; DE: GRBTBALE Index; ES: SPTBEUBL Index; EU: ECOYBEUS Index; GB: UKTBTTBA Index; ID: ECOYBIDN Index; IN: ECOYBINN Index; JP: ECOYBJPN Index; MY: ECOYBMYN Index; PH: ECOYBPHN Index; TH: ECOYBTHN Index; US: ECOYBUSS Index; VN: ECOYBVNN Index,bloomberg,,,,,,3743,,datafeed
inflation.cpi_yoy,series,Macro,simtech,datafeed,"Consumer price inflation, change on a year earlier, monthly, as a decimal. CPI YoY (monthly), Bloomberg, for 16 economies. Feeds the HoNI indices real_rate_10y, consumption_power, gdp_per_capita_growth. Imported from the Inflation sheet of the MATLAB ticker workbooks, column 1.",inflation,,,ratio,none,,M,,,BD: 5136640 Index; BR: BZPIIPCM Index; CH: SZCPIYOY Index; CN: CNCPIYOY Index; DE: GRCP20YY Index; ES: SPIPCYOY Index; EU: EHPIEU Index; GB: UKRPCJYR Index; ID: IDCPIY Index; IN: EHPIIN Index; JP: JNCPIYOY Index; MY: MACPIYOY Index; PH: PHC2II Index; TH: THCPIYOY Index; US: CPI YOY Index; VN: VNCPIYOY Index,bloomberg,,,,,,3845,,datafeed
inflation.ppi_yoy,series,Macro,simtech,datafeed,"Producer price inflation, change on a year earlier, monthly. Monthly Bloomberg series whose definition differs by economy: ""PPI YoY"" (BR, CH, CN, DE, ES, EU, GB, ID, JP, MY, PH, TH, US); ""WS Commodity YoY"" (IN). No data for BD, VN: the ticker is a placeholder. Same ticker for more than one economy: BR and CH share SZPPIYY Index. Imported from the Inflation sheet of the MATLAB ticker workbooks, column 2.",inflation,,,ratio,none,,M,,,BD: USD BGN Curncy; BR: SZPPIYY Index; CH: SZPPIYY Index; CN: CHEFTYOY Index; DE: GRPFIYOY Index; ES: SPROYOY Index; EU: EUPP27Y Index; GB: UKPPD73Y Index; ID: IDWPIY Index; IN: INFINFY Index; JP: JIOPOUPY Index; MY: MPPILYOY Index; PH: PHPPII Index; TH: THPPIACY Index; US: PPI YOY Index; VN: USD BGN Curncy,bloomberg,,,,,,2857,,datafeed
money.broad_money,series,Macro,simtech,datafeed,"Broad money stock (M2 or M3, depending on the economy), nominal level, monthly. Monthly Bloomberg series whose definition differs by economy: ""M2 Nominal"" (BD, BR, CH, CN, EU, ID, MY, TH); ""M3 nominal"" (DE, ES, GB, IN, PH, US); ""M2 nominal"" (JP); ""Monetary base (M2)"" (VN). Currency differs by economy: BDT (BD); BRL (BR); CHF (CH); CNY (CN); EUR (DE, ES, EU); GBP (GB); IDR (ID); INR (IN); JPY (JP); MYR (MY); PHP (PH); THB (TH); USD (US); VND (VN). The scale factor applied on import differs by economy (x0.001, x0.01, x1, x1000). Feeds the HoNI index monetary_supply. Imported from the Money sheet of the MATLAB ticker workbooks, column 2.",money,,,level,,,M,,,BD: 5135R002 Index; BR: BZMS2 Index; CH: SZMSM2 Index; CN: CNMSM2 Index; DE: DEMSM2 Index; ES: ESMOM2 Index; EU: ECMSM2 Index; GB: OEGBMBAH Index; ID: IDM2INDX Index; IN: inmsm3 Index; JP: JMNSM2SA Index; MY: MAMS2TOT Index; PH: PHMSRBM3 Index; TH: THMM2 Index; US: OEUSMBAH Index; VN: 5821136 Index,bloomberg,,,,,,3856,,datafeed
money.budget_balance_gdp,series,Macro,simtech,datafeed,"Government budget balance as a share of GDP, annual; a deficit is negative. Budget balance % GDP (annual), Bloomberg, for 16 economies. Feeds the HoNI index budget_balance. Imported from the Money sheet of the MATLAB ticker workbooks, column 1.",money,,,ratio,none,,A,,,BD: BNBFTFGD Index; BR: EHBBBR Index; CH: EHBBCH Index; CN: EHBBCNY Index; DE: GRFIFINB Index; ES: EUBDSPAI Index; EU: EHBBEUY Index; GB: EHBBGBY Index; ID: IDBB%GDP Index; IN: EHBBINY Index; JP: G7BBJAPN Index; MY: EHBBMYY Index; PH: EHBBPHY Index; TH: ECOGBTHN Index; US: EHBBUSY Index; VN: VNBDBAT% Index,bloomberg,,,,,,3774,,datafeed
money.m1_yoy,series,Macro,simtech,datafeed,"Narrow money (M1) growth on a year earlier, monthly. Monthly Bloomberg series whose definition differs by economy: ""M1 growth"" (BD, BR, CH, CN, DE, ES, EU, GB, ID, IN, JP, MY, PH, TH, US); ""M2 YTD"" (VN). Imported from the Money sheet of the MATLAB ticker workbooks, column 4.",money,,,ratio,none,,M,,,BD: BNMSM1Y Index; BR: BZMS1Y% Index; CH: SZMSM1Y Index; CN: CNMS1YOY Index; DE: DEMSM2YY Index; ES: ESMOM1YY Index; EU: ECMSM1Y Index; GB: OEGBMNAA Index; ID: IDM1YOY Index; IN: INMSM1Y Index; JP: JMNSM1Y Index; MY: MAMSYOY% Index; PH: PHMS1SRY Index; TH: THMM1Y Index; US: M1% YOY Index; VN: VNMOM2YT Index,bloomberg,,,,,,3780,,datafeed
production.gdp_nominal,series,Macro,simtech,datafeed,"Gross domestic product at current prices in national currency, annual. GDP nominal (annual), Bloomberg, for 16 economies. Currency differs by economy: BDT (BD); BRL (BR); CHF (CH); CNY (CN); EUR (DE, ES, EU); GBP (GB); IDR (ID); INR (IN); JPY (JP); MYR (MY); PHP (PH); THB (TH); USD (US); VND (VN). The scale factor applied on import differs by economy (x0.001, x1). Feeds the HoNI indices monetary_supply, external_debt_exposure, consumption_dependency. Imported from the Production sheet of the MATLAB ticker workbooks, column 1.",production,,,level,,,A,,,BD: BNGCCUR Index; BR: ECOXBRN Index; CH: SZGNGDP Index; CN: CNEXTOTL Index; DE: GDPBGDPE Index; ES: EUGDES Index; EU: EUAC27 Index; GB: UKGRYBHA Index; ID: IDGRP Index; IN: INBGGDNA Index; JP: JGDOSGDP Index; MY: MAGRTOTL Index; PH: PHGDPC$ Index; TH: THG PC$Q Index; US: GDP CUR$ Index; VN: WGDPVIET Index,bloomberg,,,,,,3845,,datafeed
production.imports,series,Macro,simtech,datafeed,"Imports of goods, value in national currency or US dollars depending on the economy, monthly. Import (monthly), Bloomberg, for 16 economies. Currency differs by economy: EUR (EU); USD (BD, BR, CH, CN, DE, ES, GB, ID, IN, JP, MY, PH, TH, US, VN). The scale factor applied on import differs by economy (x0.001, x1). Feeds the HoNI index import_reserves. Imported from the Production sheet of the MATLAB ticker workbooks, column 2.",production,,,level,,,M,,,BD: 513D1... Index; BR: 223D1... Index; CH: ECOYMCHN Index; CN: ECOYMCNN Index; DE: GRTBIME Index; ES: ECOYMESN Index; EU: ITTSEEAT Index; GB: UKTBTTIM Index; ID: ECOYMIDN Index; IN: ECOYMINN Index; JP: JNINMTOT Index; MY: ECOYMMYN Index; PH: ECOYMPHN Index; TH: ECOYMTHN Index; US: ECOYMUSS Index; VN: ECOYMVNN Index,bloomberg,,,,,,3845,,datafeed
production.manufacturing_confidence,series,Macro,simtech,datafeed,"Manufacturing (business) confidence indicator, OECD, monthly. Monthly Bloomberg series whose definition differs by economy: ""Manuf. Confidence OECD"" (BR, CH, CN, DE, ES, EU, GB, ID, IN, JP, US); ""Manuf. Value Add"" (BD, VN); ""Business Conditions - Industry"" (PH, TH); ""Business Conditions"" (MY). The scale factor applied on import differs by economy (x0.01, x1). Imported from the Production sheet of the MATLAB ticker workbooks, column 5.",production,,,index,none,,M,,,BD: WBMFPBGD Index; BR: OEBRDHAI Index; CH: OECHDHAI Index; CN: OECNDHAI Index; DE: OEDEDHAI Index; ES: OEESDHAI Index; EU: OE19DHAI Index; GB: OEGBDHAI Index; ID: OEIDDHAI Index; IN: OEINDHAI Index; JP: OEJPDHAI Index; MY: MBTSNBAS Index; PH: PHBEID Index; TH: THTISI Index; US: OEUSDHAI Index; VN: WBMFPVNM Index,bloomberg,,,,,,3811,,datafeed
volatility.fear_barometer,series,Macro,simtech,datafeed,"Credit Suisse Fear Barometer (CSFB), discontinued. Holds no data for any economy; the market layer's volatility.skew replaces it. Fear Barometer (daily), Bloomberg, for 16 economies. Same ticker for more than one economy: BD and BR and CH and CN and DE and ES and EU and GB and ID and IN and JP and MY and PH and TH and US and VN share CSFB Index. Imported from the Volatility sheet of the MATLAB ticker workbooks, column 2.",volatility,,,index,none,,D,,,BD: CSFB Index; BR: CSFB Index; CH: CSFB Index; CN: CSFB Index; DE: CSFB Index; ES: CSFB Index; EU: CSFB Index; GB: CSFB Index; ID: CSFB Index; IN: CSFB Index; JP: CSFB Index; MY: CSFB Index; PH: CSFB Index; TH: CSFB Index; US: CSFB Index; VN: CSFB Index,bloomberg,,,,,,,,datafeed
volatility.implied,series,Macro,simtech,datafeed,"Equity volatility: the implied volatility index (VIX or the local equivalent), or MSCI 90-day realised volatility where none exists (BD, ID, MY, PH, TH, VN), month end, as a decimal after the market layer's unit corrections. Daily Bloomberg series whose definition differs by economy: ""90d volatility (rescaled x0.01 by datafeed, DF-18: MSCI 90-day realised volatility (RK004) pulled at scale 1, so it reads 19.6 where every other economy reads a decimal (0.20))"" (BD, ID, MY, PH, TH, VN); ""Volatilty index"" (BR, DE, ES, EU, GB, US); ""Volatility Index"" (CH, IN); ""Volatilty index (gaps filled from cboe:VXFXI, DF-18)"" (CN); ""Volatilty index (rescaled x100 by datafeed, DF-18: Nikkei VI (VNKY) pulled at scale 0.0001, so it reads 0.002; x100 gives the decimal (0.20) the other economies use)"" (JP). The scale factor applied on import differs by economy (x0.01, x1). Imported from the Volatility sheet of the MATLAB ticker workbooks, column 1.",volatility,,,ratio,none,,D,,,BD: MXBD Index; BR: VXEWZ Index; CH: V3X Index; CN: VXFXI Index; DE: VDAX Index; ES: MXES Index; EU: V2X Index; GB: IVIUK Index; ID: MXID Index; IN: INVIXN Index; JP: VNKY Index; MY: MXMY Index; PH: MXPH Index; TH: MXTH Index; US: VIX Index; VN: MXVI Index,bloomberg,,,,,,3645,,datafeed
volatility.skew,series,Macro,simtech,datafeed,"Cboe SKEW index: the price of S&P 500 tail-risk protection, month-end close; one global series for every economy (market layer). Cboe SKEW index: the price of S&P 500 tail-risk protection, month-end close. Replaces the Credit Suisse Fear Barometer (CSFB Index, discontinued, empty for every economy in M_TS); same concept (higher is more fear) and, like CSFB, one global series for every economy. (daily), Bloomberg, for 16 economies. Same ticker for more than one economy: BD and BR and CH and CN and DE and ES and EU and GB and ID and IN and JP and MY and PH and TH and US and VN share SKEW.",volatility,,,index,none,,D,,,BD: SKEW; BR: SKEW; CH: SKEW; CN: SKEW; DE: SKEW; ES: SKEW; EU: SKEW; GB: SKEW; ID: SKEW; IN: SKEW; JP: SKEW; MY: SKEW; PH: SKEW; TH: SKEW; US: SKEW; VN: SKEW,cboe,,,,,,3856,,datafeed
yields.govt_10y,series,Macro,simtech,datafeed,"10-year government bond yield, month end of a daily series, as a decimal. Daily Bloomberg series whose definition differs by economy: ""10Y Generic"" (BR, CH, CN, DE, ES, EU, ID, IN, US); ""10Y Bond Yield"" (BD, MY, PH, TH, VN); ""10Y Bond"" (GB); ""10Y Yield"" (JP). Feeds the HoNI index real_rate_10y. Imported from the Yields sheet of the MATLAB ticker workbooks, column 1.",yields,,,ratio,none,,D,,,BD: BDGB10YY Index; BR: GEBR10Y Index; CH: GSWISS10 Index; CN: GCNY10YR Index; DE: GTDEM10Y Govt; ES: GTESP10Y Govt; EU: GECU10YR Index; GB: GUKG10 Index; ID: GIDU10YR Index; IN: GIND10YR Index; JP: GJGB10 Index; MY: MAGY10YR Index; PH: I10510Y Index; TH: F12210Y Index; US: USGG10YR Index; VN: V10YAVE Index,bloomberg,,,,,,3830,,datafeed
yields.govt_2y,series,Macro,simtech,datafeed,"2-year government bond yield, month end of a daily series, as a decimal. Daily Bloomberg series whose definition differs by economy: ""2Y Generic"" (BR, CH, CN, DE, ES, EU, ID, IN, US); ""2Y Bond Yield"" (BD, GB, MY, PH, TH); ""2Y Yield"" (JP); ""1Y Bond Yield"" (VN). Imported from the Yields sheet of the MATLAB ticker workbooks, column 2.",yields,,,ratio,none,,D,,,BD: BDGB2YAY Index; BR: GEBR02Y Index; CH: GSWISS02 Index; CN: GCNY2YR Index; DE: GTDEM2Y Govt; ES: GTESP2Y Govt; EU: GECU2YR Index; GB: GUKG2 Index; ID: GIDN2YR Index; IN: GIND2YR Index; JP: GJGB2 Index; MY: F12802Y Index; PH: I10502Y Index; TH: F12202Y Index; US: USGG2YR Index; VN: VN2YAVE Index,bloomberg,,,,,,3732,,datafeed
yields.high_yield_index,series,Macro,simtech,datafeed,"High-yield corporate bond index, total return level (not a yield), month end of a daily series. Daily Bloomberg series whose definition differs by economy: ""High yield"" (CH, CN, EU, GB, ID, IN, MY, PH, TH, US, VN); ""High Yield"" (BR). No data for BD, DE, ES, JP: the ticker is a placeholder. Imported from the Yields sheet of the MATLAB ticker workbooks, column 4.",yields,,,index,none,,D,,,BD: USD BGN Curncy; BR: BZRFIRF1 Index; CH: SBR4T Index; CN: I29381US Index; DE: USD BGN Curncy; ES: USD BGN Curncy; EU: LP01TREU Index; GB: FTPTT35H Index; ID: IBXXAJ54 Index; IN: IBXXAX98 Index; JP: USD BGN Curncy; MY: IBXXAX80 Index; PH: IBXXAU27 Index; TH: IBXXAJ56 Index; US: LF98TRUU Index; VN: IBXXAX69 Index,bloomberg,,,,,,2840,,datafeed
yields.high_yield_ytw,series,Macro,simtech,datafeed,"Yield to worst of the high-yield corporate bond index, month end of a daily series, as a decimal. Data for the US, the euro area and China. HY Spread (YTW) (daily), Bloomberg, for 7 economies. No data for BD, DE, ES, ID, JP, MY, PH, TH, VN: the ticker is a placeholder. Imported from the Yields sheet of the MATLAB ticker workbooks, column 8.",yields,,,ratio,none,,D,,,BD: USD BGN Curncy; BR: BZRFIRF1 Index; CH: SBR4T Index; CN: I29381US Index; DE: USD BGN Curncy; ES: USD BGN Curncy; EU: LP01TREU Index; GB: FTPTT35H Index; ID: USD BGN Curncy; IN: IBXXAX98 Index; JP: USD BGN Curncy; MY: USD BGN Curncy; PH: USD BGN Curncy; TH: USD BGN Curncy; US: LF98TRUU Index; VN: USD BGN Curncy,bloomberg,,,,,,681,,datafeed
bbk.OU0115,series,Macro,simtech,macrofield,"Lending to domestic non-banks (non-MFIs), all categories of banks; December value, DM converted at 1.95583 before 1999. Units: EUR bn. In the three-body model: Commercial-bank share (Genreith): loans over the bank balance sheet, Phase IV below 50 per cent (leading). 78 values for 1 areas in snapshot SNP-41f60149296357f8.",macro,,,level,EUR,,M,,,BBBK1.M.OU0115,bundesbank,,,,1948,2025,78,,macrofield
bbk.OU0308,series,Macro,simtech,macrofield,"Balance sheet total, all categories of banks (MFIs) in Germany; December value, DM converted at 1.95583 before 1999. Units: EUR bn. In the three-body model: Saturation axis (Genreith's K): bank balance sheet over nominal GDP (leading; a level error moves an economy against a threshold). 76 values for 1 areas in snapshot SNP-41f60149296357f8.",macro,,,level,EUR,,M,,,BBBK1.M.OU0308,bundesbank,,,,1950,2025,76,,macrofield
bis.total_credit,series,Macro,simtech,macrofield,"Total credit to the non-financial sector, all lenders, market value, adjusted for breaks. Units: percent of GDP. In the three-body model: Saturation axis and K_I (ratio times Y); also net new credit for S (leading; a level error moves an economy against a threshold). 1604 values for 48 areas in snapshot SNP-41f60149296357f8.",macro,,,ratio,none,,Q,,,WS_TC:C.A.M.770.A,bis,,,,1947,2025,1604,,macrofield
imf.GG_DEBT_GDP,series,Macro,simtech,macrofield,"General government debt, IMF Global Debt Database. Units: percent of GDP. In the three-body model: Government part of the IMF saturation axis (lagging; a level error moves an economy against a threshold). 3478 values for 88 areas in snapshot SNP-41f60149296357f8.",macro,,,ratio,none,,A,,,GDD:GG_DEBT_GDP,imf,,,,1950,2024,3478,,macrofield
imf.GGXCNL_NGDP,series,Macro,simtech,macrofield,"General government net lending (+) / borrowing (-), IMF World Economic Outlook; forecast years cut at the calibration's last actual year. Units: percent of GDP. In the three-body model: S: stimulus proxy where the World Bank series is absent or ends early (leading). 8848 values for 229 areas in snapshot SNP-41f60149296357f8.",macro,,,ratio,none,,A,,,WEO:GGXCNL_NGDP,imf,,,,1980,2031,8848,,macrofield
imf.GGXWDG_NGDP,series,Macro,simtech,macrofield,"General government gross debt, IMF World Economic Outlook. Units: percent of GDP. In the three-body model: Government part of the IMF saturation axis where the Global Debt Database has none (lagging; a level error moves an economy against a threshold). 8113 values for 226 areas in snapshot SNP-41f60149296357f8.",macro,,,ratio,none,,A,,,WEO:GGXWDG_NGDP,imf,,,,1980,2031,8113,,macrofield
imf.PVD_LS,series,Macro,simtech,macrofield,"Private debt, loans and debt securities, IMF Global Debt Database. Units: percent of GDP. In the three-body model: Saturation axis where BIS publishes none: private plus government debt, the same concept as BIS total credit to the non-financial sector (leading; a level error moves an economy against a threshold). 8385 values for 160 areas in snapshot SNP-41f60149296357f8.",macro,,,ratio,none,,A,,,GDD:PVD_LS,imf,,,,1950,2024,8385,,macrofield
jst.gdp,series,Macro,simtech,macrofield,"Nominal GDP, national currency (Jorda-Schularick-Taylor Macrohistory Database R6); for Germany West German DM before 1990. Units: LCU bn. In the three-body model: Denominator of the bank balance-sheet ratio before the splice year (territory of the bank statistics) (concurrent; a level error moves an economy against a threshold). 2641 values for 18 areas in snapshot SNP-41f60149296357f8.",macro,,,level,,,A,,,gdp,jst,,,,1870,2020,2641,,macrofield
pwt.cgdpo,series,Macro,simtech,macrofield,Output-side real GDP at current PPPs. Units: millions of 2017 US dollars. In the three-body model: K_R: denominator of the capital-output ratio (concurrent; a level error moves an economy against a threshold). 10395 values for 183 areas in snapshot SNP-41f60149296357f8.,macro,,,level,USD,,A,,,cgdpo,pwt,,,,1950,2019,10395,,macrofield
pwt.cn,series,Macro,simtech,macrofield,Capital stock at current PPPs. Units: millions of 2017 US dollars. In the three-body model: K_R: numerator of the capital-output ratio (lagging; a level error moves an economy against a threshold). 10314 values for 183 areas in snapshot SNP-41f60149296357f8.,macro,,,level,USD,,A,,,cn,pwt,,,,1950,2019,10314,,macrofield
pwt.delta,series,Macro,simtech,macrofield,Average depreciation rate of the capital stock. Units: rate. In the three-body model: K_R: depreciation in the perpetual-inventory extension (lagging). 10314 values for 183 areas in snapshot SNP-41f60149296357f8.,macro,,,ratio,none,,A,,,delta,pwt,,,,1950,2019,10314,,macrofield
wb.GC.NLD.TOTL.GD.ZS,series,Macro,simtech,macrofield,"General government net lending (+) / borrowing (-). Units: percent of GDP. In the three-body model: S: stimulus proxy, sign reversed so a deficit is an injection (leading). 538 values for 16 areas in snapshot SNP-41f60149296357f8.",macro,,,ratio,none,,A,,,GC.NLD.TOTL.GD.ZS,world_bank,,,,1972,2024,538,,macrofield
wb.NE.GDI.FTOT.ZS,series,Macro,simtech,macrofield,Gross fixed capital formation. Units: percent of GDP. In the three-body model: K_R: perpetual-inventory extension of the capital ratio past PWT (concurrent). 878 values for 16 areas in snapshot SNP-41f60149296357f8.,macro,,,ratio,none,,A,,,NE.GDI.FTOT.ZS,world_bank,,,,1960,2025,878,,macrofield
wb.NY.GDP.MKTP.CD,series,Macro,simtech,macrofield,"Gross domestic product, current prices. Units: current US dollars. In the three-body model: Y: output level every other quantity is expressed against (concurrent; a level error moves an economy against a threshold). 1024 values for 16 areas in snapshot SNP-41f60149296357f8.",macro,,,level,USD,,A,,,NY.GDP.MKTP.CD,world_bank,,,,1960,2025,1024,,macrofield
wb.NY.GDP.MKTP.CN,series,Macro,simtech,macrofield,"Gross domestic product, current prices, national currency. Units: LCU. In the three-body model: Denominator of the bank balance-sheet ratio from the splice year on (concurrent; a level error moves an economy against a threshold). 66 values for 1 areas in snapshot SNP-41f60149296357f8.",macro,,,level,,,A,,,NY.GDP.MKTP.CN,world_bank,,,,1960,2025,66,,macrofield
wb.NY.GDP.MKTP.KD.ZG,series,Macro,simtech,macrofield,Real GDP growth. Units: percent. In the three-body model: K_R: perpetual-inventory extension of the capital ratio past PWT (concurrent). 1016 values for 16 areas in snapshot SNP-41f60149296357f8.,macro,,,ratio,none,,A,,,NY.GDP.MKTP.KD.ZG,world_bank,,,,1961,2025,1016,,macrofield
wb.NY.GNS.ICTR.ZS,series,Macro,simtech,macrofield,Gross national savings. Units: percent of GDP. In the three-body model: p_s: savings rate of the equations of motion (concurrent). 746 values for 16 areas in snapshot SNP-41f60149296357f8.,macro,,,ratio,none,,A,,,NY.GNS.ICTR.ZS,world_bank,,,,1970,2025,746,,macrofield
wb.SP.POP.TOTL,series,Macro,simtech,macrofield,"Population, total. Units: persons. In the three-body model: p_b: population growth, which section 0.2 says p_b tracks (lagging). 1056 values for 16 areas in snapshot SNP-41f60149296357f8.",macro,,,count,none,,A,,,SP.POP.TOTL,world_bank,,,,1960,2025,1056,,macrofield
aggregation.artefact,table,Macro,simtech,aggregation,"aggregation: published Regimes (aggregation-regime), the combined market risk signal, keyed by content hash and unique on idempotency key; append-only",,,,,,,,,,,,,,,,,9,6,aggregation
aggregation.calibration,table,Macro,simtech,aggregation,"aggregation: versioned parameter sets of the combination rule (blend weights, macro tilts, kernels, optimism targets, market blends); append-only",,,,,,,,,,,,,,,,,3,5,aggregation
aggregation.run,table,Macro,simtech,aggregation,"aggregation: one row per POST /run attempt, with status, warnings, coverage and provenance",,,,,,,,,,,,,,,,,4,12,aggregation
aggregation.scenario,table,Macro,simtech,aggregation,"aggregation: scenario Regimes (the four Scenario_SAA.m policies projected over 60 months from an issued Regime), keyed by the scenario regime_id, with base Regime and policy; append-only",,,,,,,,,,,,,,,,,5,5,aggregation
cycle.artefact,table,Macro,simtech,cycle,"cycle: published CycleState artefacts (five nested cycles per economy, their superposition, alignment and synchrony windows), keyed by content hash and unique on idempotency key, served in the contract version they were stored under, append-only",,,,,,,,,,,,,,,,,3,5,cycle
cycle.calibration,table,Macro,simtech,cycle,"cycle: versioned parameter sets of the cycle model (periods, phase anchors, superposition weights, capital reset per economy), append-only",,,,,,,,,,,,,,,,,4,5,cycle
cycle.run,table,Macro,simtech,cycle,"cycle: one row per POST /run attempt, with status, timings, warnings, coverage and provenance",,,,,,,,,,,,,,,,,3,12,cycle
datafeed.artefact,table,Macro,simtech,datafeed,"Materialised panels (POST /run), keyed by idempotency key.",,,,,,,,,,,,,,,,,,5,datafeed
datafeed.calibration,table,Macro,simtech,datafeed,"Versioned, immutable calibrations: alignment, carry-forward and fill-acceptance rules.",,,,,,,,,,,,,,,,,1,5,datafeed
datafeed.country,table,Macro,simtech,datafeed,"The economies datafeed serves: ISO code, name, ISO3 for the public sources, and the M_TS field name.",,,,,,,,,,,,,,,,,16,5,datafeed
datafeed.market_fetch,table,Macro,simtech,datafeed,"One stored monthly response from a market provider (Cboe, BIS) for the market layer (DF-18).",,,,,,,,,,,,,,,,,17,6,datafeed
datafeed.market_value,table,Macro,simtech,datafeed,The month-end values of each stored market response.,,,,,,,,,,,,,,,,,6261,3,datafeed
datafeed.observation,table,Macro,simtech,datafeed,"The cells of every snapshot, month end by month end, each flagged observed or carried and naming its source. A missing cell has no row.",,,,,,,,,,,,,,,,,154447,7,datafeed
datafeed.public_fetch,table,Macro,simtech,datafeed,"One stored annual response from a public source (World Bank, IMF), kept so a gap fill can be re-derived without the network.",,,,,,,,,,,,,,,,,22,7,datafeed
datafeed.public_value,table,Macro,simtech,datafeed,The annual values of each stored public response.,,,,,,,,,,,,,,,,,790,3,datafeed
datafeed.run,table,Macro,simtech,datafeed,"Every run of POST /run: status, timings, warnings, coverage and provenance.",,,,,,,,,,,,,,,,,,12,datafeed
datafeed.series,table,Macro,simtech,datafeed,"The series registry: id, category, unit, native period, a plain-language description, the HoNI indices that read it and its M_TS sheet and column. Seeded from seed/registry.yaml; the database is the registry.",,,,,,,,,,,,,,,,,46,10,datafeed
datafeed.series_conversion,table,Macro,simtech,datafeed,"What the MATLAB importer did to each series: NaN, leading, trailing and interior zeros, and placeholder cells dropped.",,,,,,,,,,,,,,,,,704,8,datafeed
datafeed.series_definition,table,Macro,simtech,datafeed,"Each snapshot's own definition of every series per country: ticker, field, currency, scale, source and label.",,,,,,,,,,,,,,,,,734,4,datafeed
datafeed.snapshot,table,Macro,simtech,datafeed,"Immutable snapshots: id, parent, panel checksum and the manifest with every fill and market step.",,,,,,,,,,,,,,,,,1,5,datafeed
datafeed.source_file,table,Macro,simtech,datafeed,"Every file the importer read (M_TS.mat, ticker sheets), with its SHA-256 and size.",,,,,,,,,,,,,,,,,17,6,datafeed
honi.artefact,table,Macro,simtech,honi,"honi: published HoNIScores artefacts (the index per country and year with its components), keyed by content hash and unique on idempotency key, append-only",,,,,,,,,,,,,,,,,6,5,honi
honi.calibration,table,Macro,simtech,honi,"honi: versioned parameter sets of the Health of Nations index (indicator weights, bands, reference windows), append-only",,,,,,,,,,,,,,,,,3,5,honi
honi.run,table,Macro,simtech,honi,"honi: one row per POST /run attempt, with status, timings, warnings, coverage and provenance",,,,,,,,,,,,,,,,,6,12,honi
macrofield.artefact,table,Macro,simtech,macrofield,"Published MacroState artefacts, keyed by idempotency key.",,,,,,,,,,,,,,,,,1,5,macrofield
macrofield.calibration,table,Macro,simtech,macrofield,"Versioned, immutable calibrations of the three-body model, including the economy registry.",,,,,,,,,,,,,,,,,6,5,macrofield
macrofield.observation,table,Macro,simtech,macrofield,"The published annual values of every series, per snapshot and source area code. A published gap is a NULL value.",,,,,,,,,,,,,,,,,78132,6,macrofield
macrofield.run,table,Macro,simtech,macrofield,"Every run: status, timings, warnings, coverage and provenance.",,,,,,,,,,,,,,,,,1,12,macrofield
macrofield.series_registry,table,Macro,simtech,macrofield,"The series macrofield reads: provider, code, official name, units, frequency and the role each plays in the three-body model. Written from sources.CATALOGUE on every start.",,,,,,,,,,,,,,,,,18,10,macrofield
macrofield.snapshot,table,Macro,simtech,macrofield,"Frozen static data snapshots: the raw source folder, identified by the hash of its manifest.",,,,,,,,,,,,,,,,,1,4,macrofield
macrofield.source_file,table,Macro,simtech,macrofield,"Every raw file of a snapshot: path, SHA-256, size, URL and retrieval date.",,,,,,,,,,,,,,,,,106,7,macrofield
mrs.artefact,table,Macro,simtech,mrs,"Published MarketRiskSignal artefacts (mrs-signal contract), one per idempotency key: sub-indicators, segments and the 25-state distribution per economy and month, zero optimism shift, regime_id null.",,,,,,,,,,,,,,,,,1,7,mrs
mrs.calibration,table,Macro,simtech,mrs,"Versioned, immutable mrs parameter sets: segment and indicator weights, kernels, grid, windows and thresholds.",,,,,,,,,,,,,,,,,2,5,mrs
mrs.reference_signal,table,Macro,simtech,mrs,"MATLAB WM from the CIO site signal export: per segment, economy and month the weighted kernel column (25 states, 1 cautious to 25 aggressive). Reference for the golden test; not a distribution.",,,,,,,,,,,,,,,,,16388,8,mrs
mrs.reference_source,table,Macro,simtech,mrs,"One row per recorded MATLAB export mrs is reconciled against: where it came from, its checksum, the script and optimism that produced it, and the input it pairs with.",,,,,,,,,,,,,,,,,1,14,mrs
mrs.run,table,Macro,simtech,mrs,"One row per mrs run attempt: status, timings, warnings, coverage and provenance.",,,,,,,,,,,,,,,,,1,15,mrs
pcp.artefact,table,Optimizer,simtech,pcp,"pcp: published Allocations (pcp-allocation), weights per instrument with the regime_id stamped, keyed by content hash and unique on idempotency key; append-only",,,,,,,,,,,,,,,,,2,8,pcp
pcp.calibration,table,Optimizer,simtech,pcp,"pcp: versioned parameter sets of the optimiser (vocabularies, ingest maps, solver settings, budget check, instrument classification table); append-only",,,,,,,,,,,,,,,,,2,5,pcp
pcp.run,table,Optimizer,simtech,pcp,"pcp: one row per POST /run attempt, with status, warnings, coverage and provenance",,,,,,,,,,,,,,,,,2,12,pcp
chatbot.artefact,table,eigentliCH_Engines,simtech,chatbot,"chatbot: published answers (chat-answer), one per idempotency key (inputs + model + prompt version), with cited grounding ids and the number check; append-only",,,,,,,,,,,,,,,,,3,11,chatbot
chatbot.calibration,table,eigentliCH_Engines,simtech,chatbot,"chatbot: versioned parameter sets (generation, limits, number check, client markers, fixed texts); append-only",,,,,,,,,,,,,,,,,1,5,chatbot
chatbot.run,table,eigentliCH_Engines,simtech,chatbot,"chatbot: one row per POST /run or POST /answer attempt, with status, warnings and provenance",,,,,,,,,,,,,,,,,3,11,chatbot
eigentlich.answer,table,eigentliCH_Engines,simtech,eigentlich,"eigentlich: a client's answers to questionnaire questions, each naming the content version it answered; one current answer per client, questionnaire and question; superseding (superseded_at, superseded_by_id) is the only update. K2, K3 where the question declares it.",,,,,,,,,,,,,,,,,551,14,eigentlich
eigentlich.approval_event,table,eigentliCH_Engines,simtech,eigentlich,eigentlich: the one terminal event of an approval request: approved or revision_sent (curator) or withdrawn (client); append-only. K2.,,,,,,,,,,,,,,,,,,9,eigentlich
eigentlich.approval_request,table,eigentliCH_Engines,simtech,eigentlich,"eigentlich: a client's request that a curator approve a report, an update or an AI-drafted answer; one per item; without a request nothing waits; append-only. K2.",,,,,,,,,,,,,,,,,,8,eigentlich
eigentlich.client,table,eigentliCH_Engines,simtech,eigentlich,"eigentlich: client records, listed by the client picker (no sign-in). Age at registration >= 18. Never deleted except by erasure; archived instead. K1.",,,,,,,,,,,,,,,,,83,12,eigentlich
eigentlich.client_fact,table,eigentliCH_Engines,simtech,eigentlich,"eigentlich: plan table (C-09). Stated facts per key (canton, civil status, health, ...); one current per client and key; superseded, never deleted. K1 to K3 per row.",,,,,,,,,,,,,,,,,319,10,eigentlich
eigentlich.consent,table,eigentliCH_Engines,simtech,eigentlich,"eigentlich: versioned consent records per client (R-103); withdrawal sets withdrawn_at once, the grant is never deleted. K1.",,,,,,,,,,,,,,,,,60,9,eigentlich
eigentlich.content_record,table,eigentliCH_Engines,simtech,eigentlich,"eigentlich: versioned content (questionnaires, scoring maps with binds, reference content, knowledge notes), PK (key, version), version = max+1 per key; every save by seed, client or curator is a new version; append-only. K0.",,,,,,,,,,,,,,,,,58,9,eigentlich
eigentlich.curator,table,eigentliCH_Engines,simtech,eigentlich,"eigentlich: curators (cockpit users). No credentials: there is no sign-in. Revoked, never deleted (A161); a revoked curator cannot act. K1.",,,,,,,,,,,,,,,,,6,11,eigentlich
eigentlich.curator_session,table,eigentliCH_Engines,simtech,eigentlich,eigentlich: a curator opening a client's material (C-10 audit subject); append-only. K2.,,,,,,,,,,,,,,,,,8,8,eigentlich
eigentlich.curator_session_event,table,eigentliCH_Engines,simtech,eigentlich,"eigentlich: the curator audit trail (C-10); append-only, never erased. K2.",,,,,,,,,,,,,,,,,8,8,eigentlich
eigentlich.decision,table,eigentliCH_Engines,simtech,eigentlich,"eigentlich: decision records (C-09, R-040): every plan change is covered by a decision written in the same transaction (txid); corrections are new rows with corrects_id; append-only. K2.",,,,,,,,,,,,,,,,,526,15,eigentlich
eigentlich.decision_client_fact,table,eigentliCH_Engines,simtech,eigentlich,eigentlich: which client facts a decision covered; written by trigger; append-only. K2.,,,,,,,,,,,,,,,,,323,3,eigentlich
eigentlich.decision_goal,table,eigentliCH_Engines,simtech,eigentlich,eigentlich: which goals a decision covered; written by trigger or directly for funding and owner changes; append-only. K2.,,,,,,,,,,,,,,,,,198,3,eigentlich
eigentlich.decision_household,table,eigentliCH_Engines,simtech,eigentlich,eigentlich: which households a decision covered; written by trigger; append-only. K2.,,,,,,,,,,,,,,,,,34,3,eigentlich
eigentlich.decision_household_member,table,eigentliCH_Engines,simtech,eigentlich,eigentlich: which household members a decision covered; written by trigger; append-only. K2.,,,,,,,,,,,,,,,,,40,3,eigentlich
eigentlich.decision_position,table,eigentliCH_Engines,simtech,eigentlich,eigentlich: which positions a decision covered; written by trigger; append-only. K2.,,,,,,,,,,,,,,,,,306,3,eigentlich
eigentlich.engine_run,table,eigentliCH_Engines,simtech,eigentlich,"eigentlich: calls to engines (pcp, lbs, report, chatbot) on a client's behalf, with request, run id, artefact id and status; status moves forward only; never deleted. K2.",,,,,,,,,,,,,,,,,86,15,eigentlich
eigentlich.goal,table,eigentliCH_Engines,simtech,eigentlich,"eigentlich: plan table (C-09). A client goal; deactivated, never deleted. K2.",,,,,,,,,,,,,,,,,128,17,eigentlich
eigentlich.goal_funding,table,eigentliCH_Engines,simtech,eigentlich,"eigentlich: plan link (C-09): which positions fund a goal; a change needs a decision linked to the goal in the same transaction; deactivated, never deleted. K2.",,,,,,,,,,,,,,,,,5,5,eigentlich
eigentlich.goal_owner,table,eigentliCH_Engines,simtech,eigentlich,eigentlich: plan link (C-09): which household members own a goal; same rule as goal_funding. K2.,,,,,,,,,,,,,,,,,,5,eigentlich
eigentlich.household,table,eigentliCH_Engines,simtech,eigentlich,"eigentlich: plan table (C-09). A household as stated, with composition_as_of; closed, never deleted. K2.",,,,,,,,,,,,,,,,,34,8,eigentlich
eigentlich.household_member,table,eigentliCH_Engines,simtech,eigentlich,"eigentlich: plan table (C-09). A person in a household, with or without a client record; adult or dependant. K2.",,,,,,,,,,,,,,,,,38,10,eigentlich
eigentlich.migration_run,table,eigentliCH_Engines,simtech,eigentlich,"eigentlich: each migration from the prototype SQLite file, with its source hash, alembic head, transaction id and per-table reconciliation; append-only. K0.",,,,,,,,,,,,,,,,,1,8,eigentlich
eigentlich.parameter_set,table,eigentliCH_Engines,simtech,eigentlich,"eigentlich: engine inputs finalised by a curator per client and engine (e.g. pcp-mandate@1.0.0), a linear chain through supersedes_id; append-only. K2.",,,,,,,,,,,,,,,,,,10,eigentlich
eigentlich.position,table,eigentliCH_Engines,simtech,eigentlich,"eigentlich: plan table (C-09). A position in the role grid (human or financial capital); deactivated, never deleted. K2.",,,,,,,,,,,,,,,,,297,17,eigentlich
eigentlich.report,table,eigentliCH_Engines,simtech,eigentlich,"eigentlich: a report produced for a request, with the report engine's artefact id and the LBS and Allocation artefacts it rests on; append-only. K2.",,,,,,,,,,,,,,,,,1,10,eigentlich
eigentlich.report_request,table,eigentliCH_Engines,simtech,eigentlich,"eigentlich: a request for a report or an update; withdrawal (withdrawn_at, set once, only while unfulfilled) is the only update. K2.",,,,,,,,,,,,,,,,,1,10,eigentlich
eigentlich.submission,table,eigentliCH_Engines,simtech,eigentlich,"eigentlich: intake files as received, whole (A154), unique per client and content hash; append-only. K3.",,,,,,,,,,,,,,,,,60,13,eigentlich
eigentlich.thread,table,eigentliCH_Engines,simtech,eigentlich,"eigentlich: a client's question thread; closing (closed_at, set once) is the only update. K2.",,,,,,,,,,,,,,,,,1,10,eigentlich
eigentlich.thread_message,table,eigentliCH_Engines,simtech,eigentlich,"eigentlich: messages in a thread by the client, a curator or spark7 (the ChatBot, with model, artefact id, sources and unverified numbers); append-only. K2.",,,,,,,,,,,,,,,,,2,15,eigentlich
lbs.artefact,table,eigentliCH_Engines,simtech,lbs,"lbs: published LifeBalanceSheets (lbs-balance-sheet) per opaque client_ref, keyed by content hash and unique on idempotency key; append-only",,,,,,,,,,,,,,,,,86,7,lbs
lbs.calibration,table,eigentliCH_Engines,simtech,lbs,"lbs: versioned parameter sets (the prototype content records with their approval metadata, and the mandate policy figures); append-only",,,,,,,,,,,,,,,,,3,5,lbs
lbs.run,table,eigentliCH_Engines,simtech,lbs,"lbs: one row per POST /run attempt, with status, gaps, coverage and provenance",,,,,,,,,,,,,,,,,86,12,lbs
report.artefact,table,eigentliCH_Engines,simtech,report,"report: published reports (report@1.0.0), every figure with its source artefact, the checked prose and the rendered HTML; one complete report per idempotency key; append-only",,,,,,,,,,,,,,,,,2,10,report
report.calibration,table,eigentliCH_Engines,simtech,report,"report: versioned parameter sets (prose generation, number check, reject rules, listing threshold, section asks); append-only",,,,,,,,,,,,,,,,,1,5,report
report.run,table,eigentliCH_Engines,simtech,report,"report: one row per POST /run or POST /report attempt, with status, warnings and provenance",,,,,,,,,,,,,,,,,2,11,report
